country,province,region_1,region_2
Spain,Northern Spain,Rioja,""
Italy,Piedmont,Barolo,""
US,California,Monterey,Central Coast
Italy,Piedmont,Piedmont,""
Chile,Lontué Valley,"",""
Italy,Sicily & Sardinia,Monreale,""
France,Burgundy,Mâcon-Azé,""
US,California,San Antonio Valley,Central Coast
France,Burgundy,"",""
Italy,Piedmont,Diano d'Alba,""
Georgia,Napareuli,"",""
Australia,Victoria,Strathbogie Ranges,""
US,California,Santa Ynez Valley,Central Coast
US,Oregon,Ribbon Ridge,Willamette Valley
France,Rhône Valley,Saint-Péray,""
US,California,San Luis Obispo,Central Coast
South Africa,Walker Bay,"",""
US,California,Fort Ross-Seaview,Sonoma
Italy,Tuscany,Sangiovese di Toscana,""
South Africa,Paardeberg,"",""
France,Beaujolais,Coteaux du Lyonnais,""
Greece,Egilias Slopes,"",""
France,Languedoc-Roussillon,Côtes du Roussillon Villages Caramany,""
Spain,Levante,Valencia,""
US,California,South Coast,South Coast
New Zealand,Kumeu,"",""
France,Burgundy,Santenay,""
US,California,Paso Robles Willow Creek District,Central Coast
Australia,Victoria,Murray-Darling,""
US,California,Sonoma County-Monterey County,California Other
Italy,Central Italy,Offida Passerina,""
Italy,Central Italy,Circeo,""
US,California,Lake County,""
US,California,Redwood Valley,Mendocino/Lake Counties
Greece,Retsina,"",""
Italy,Central Italy,Gutturnio Colli Piacentini,""
Italy,Piedmont,Dolcetto di Diano d'Alba,""
Australia,New South Wales,Tumbarumba,""
France,Languedoc-Roussillon,Pays d'Oc,""
Greece,Muscat of Kefallonian,"",""
US,California,Sierra Pelona Valley,South Coast
Italy,Veneto,Bardolino Classico Superiore,""
Spain,Northern Spain,Valdeorras,""
Chile,Itata Valley,"",""
France,France Other,Vin de Liqueur,""
Australia,South Australia,McLaren Vale-Adelaide Hills,""
Italy,Southern Italy,Sannio,""
US,California,Clear Lake,""
Uruguay,Uruguay,"",""
Italy,Piedmont,Boca,""
Italy,Piedmont,Bramaterra,""
France,Loire Valley,Rosé de Loire,""
Italy,Central Italy,Lambrusco Salamino di Santa Croce,""
Croatia,Krk,"",""
Italy,Tuscany,Morellino di Scansano,""
US,California,Napa,""
France,Provence,Coteaux d'Aix-en-Provence,""
France,Languedoc-Roussillon,Corbières,""
Argentina,Other,Cuyo,""
Italy,Northwestern Italy,Colli di Luni,""
US,California,Guenoc Valley,Mendocino/Lake Counties
Italy,Central Italy,San Marino,""
France,Loire Valley,Haut-Poitou,""
Italy,Piedmont,Barbera di Piemonte,""
France,Loire Valley,Sancerre,""
Italy,Veneto,Valpolicella Superiore Ripasso,""
France,Languedoc-Roussillon,Saint-Chinian,""
South Africa,Wellington,"",""
France,France Other,"",""
Italy,Piedmont,Lessona,""
US,California,Ben Lomond Mountain,Central Coast
Germany,Landwein Rhein,"",""
New Zealand,Waitaki Valley,"",""
US,California,Lake-Sonoma-Napa,North Coast
Uruguay,Colonia,"",""
US,California,Anderson Valley-Sonoma County-Cole Ranch,North Coast
Chile,Rapel Valley,"",""
France,Rhône Valley,Saint-Joseph,""
France,Rhône Valley,Luberon,""
Italy,Tuscany,Vin Santo di Carmignano,""
Italy,Sicily & Sardinia,Erice,""
US,California,Napa-Mendocino-Sonoma-Marin,North Coast
Italy,Veneto,Custoza,""
France,Loire Valley,Val de Loire,""
Portugal,Madeira,"",""
France,Loire Valley,Bonnezeaux,""
US,California,Trinity County,North Coast
Italy,Central Italy,Torgiano,""
South Africa,Darling,"",""
France,Provence,Coteaux de Verdon,""
Greece,Ilias,"",""
Italy,Southern Italy,Leverano,""
Argentina,Other,Cafayate,""
France,Rhône Valley,Vin de Pays de Vaucluse,""
Israel,Negev Hills,"",""
Italy,Sicily & Sardinia,Passito di Pantelleria,""
France,Languedoc-Roussillon,Saint Guilhem le Désert,""
France,Loire Valley,Muscadet Coteaux de la Loire,""
Italy,Veneto,Lessini Durello,""
US,California,Santa Barbara-Monterey,North Coast
France,France Other,Chignin-Bergeron,""
Italy,Sicily & Sardinia,Delia Nivolelli,""
Australia,Australia Other,McLaren Vale-Beechworth,""
Austria,Niederösterreich,"",""
Italy,Tuscany,Toscana,""
France,Rhône Valley,Costières de Nîmes,""
Spain,Catalonia,Catalonia,""
US,Pennsylvania,Pennsylvania,""
Italy,Tuscany,Costa Toscana,""
Italy,Central Italy,Frascati Superiore,""
France,France Other,Vin Mousseux,""
France,Burgundy,Hautes Côtes de Nuits,""
Italy,Central Italy,Conero,""
Chile,Curicó and Leyda Valleys,"",""
Spain,Catalonia,Tarragona,""
Italy,Piedmont,Brachetto d'Acqui,""
Greece,Amindeo,"",""
Australia,New South Wales,Southern Highlands,""
Australia,Victoria,Macedon Ranges,""
Portugal,Palmela,"",""
France,Bordeaux,Montagne-Saint-Émilion,""
US,California,Sonoma County-Lake County,North Coast
Argentina,Other,Patagonia,""
France,Provence,Vin de Pays Var,""
France,Loire Valley,Bourgueil,""
Italy,Piedmont,Dolcetto d'Asti,""
Chile,Choapa Valley,"",""
Slovakia,Muzla,"",""
Australia,South Australia,Mount Benson,""
France,Southwest France,Vin de Pays de Côtes du Tarn,""
Chile,Colchagua Valley,"",""
US,California,Coombsville,Napa
France,Burgundy,Pouilly-Loché,""
US,Washington,Columbia Valley-Walla Walla Valley,Columbia Valley
Slovenia,Goriska Brda,"",""
France,Loire Valley,Cour-Cheverny,""
Spain,Northern Spain,Vino de Calidad de Tierras de León,""
Cyprus,Pafos,"",""
Greece,Drama,"",""
France,Loire Valley,Muscadet Sèvre et Maine Clisson,""
Canada,Ontario,Niagara-On-The-Lake,""
Chile,Apalta,"",""
France,Southwest France,Vin de Pays du Lot,""
Italy,Sicily & Sardinia,Colli del Limbara,""
France,Southwest France,Jurançon,""
France,Bordeaux,Blaye Côtes de Bordeaux,""
France,Rhône Valley,Vacqueyras,""
Argentina,Other,La Rioja,""
Hungary,Neszmély,"",""
Cyprus,Commandaria,"",""
US,North Carolina,Yadkin Valley,""
Greece,Atalanti Valley,"",""
US,Oregon,Yamhill County,Willamette Valley
Greece,Mavrodaphne of Patras,"",""
South Africa,Northern Cape,"",""
US,California,Mendocino-Amador,California Other
Argentina,Mendoza Province,Luján de Cuyo,""
Italy,Central Italy,Marche,""
France,Champagne,Champagne,""
US,California,Dunnigan Hills,Central Valley
Italy,Tuscany,Carmignano,""
Romania,Murfatlar,"",""
France,Southwest France,Côtes de Duras,""
France,Loire Valley,Coteaux du Layon Chaume,""
Australia,South Australia,Barossa Valley-McLaren Vale,""
Austria,Langenlois,"",""
Italy,Sicily & Sardinia,Nasco di Cagliari,""
France,Burgundy,Chambolle-Musigny,""
Italy,Tuscany,Orcia,""
France,Rhône Valley,Crozes-Hermitage,""
New Zealand,Nelson,"",""
Italy,Veneto,"",""
France,Burgundy,Mâcon-Uchizy,""
Hungary,Szekszárd,"",""
US,Missouri,Missouri,""
Italy,Southern Italy,Primitivo di Manduria,""
Italy,Northwestern Italy,Valle d'Aosta,""
Australia,South Australia,Langhorne Creek-Limestone Coast,""
Canada,Canada Other,Canada,""
France,Burgundy,Corton Perrières,""
Greece,Evia,"",""
France,Languedoc-Roussillon,Coteaux du Languedoc-Pézenas,""
France,Languedoc-Roussillon,Vallée du Paradis,""
Italy,Tuscany,Sovana,""
France,Bordeaux,Saint-Julien,""
Israel,Galil,"",""
Greece,Pangeon,"",""
France,Burgundy,Fixin,""
Chile,San Clemente,"",""
Italy,Piedmont,Nebbiolo d'Alba,""
Hungary,Tokaji,"",""
Italy,Central Italy,Orvieto Classico Superiore,""
Italy,Southern Italy,Aglianico del Vulture,""
Greece,Vin de Pays de Velvendo,"",""
Australia,South Australia,Kangaroo Island,""
France,Languedoc-Roussillon,Vin de Pays des Coteaux de Peyriac,""
Bulgaria,Danube River Plains,"",""
France,Languedoc-Roussillon,Vin de Pays des Côtes de Thongue,""
France,Rhône Valley,Laudun,""
France,Loire Valley,Chaume,""
South Africa,Helderberg,"",""
France,Loire Valley,Pouilly-Fumé,""
Australia,South Australia,Barossa,""
Brazil,Serra Gaúcha,"",""
Italy,Piedmont,Dolcetto di Dogliani,""
Italy,Sicily & Sardinia,Noto,""
US,New York,"The Hamptons, Long Island",Long Island
Germany,Germany,"",""
US,California,El Dorado County,Sierra Foothills
France,Burgundy,Clos de Tart,""
Greece,Cyclades,"",""
Romania,Colinele Dobrogei,"",""
France,Southwest France,Vin de Pays des Pyrénees Orientales,""
Australia,Western Australia,Western Australia,""
Australia,Australia Other,Australia,""
France,France Other,Vin de Savoie,""
Italy,Southern Italy,Lamezia,""
US,Massachusetts,Southeastern New England,""
Lebanon,Lebanon,"",""
France,France Other,Apremont,""
Italy,Southern Italy,Cilento,""
South Africa,Breedekloof,"",""
US,California,San Diego County,South Coast
US,California,California Other,""
Italy,Northwestern Italy,Liguria,""
Greece,Attica,"",""
France,Rhône Valley,Vin de Pays du Gard,""
Italy,Sicily & Sardinia,Menfi,""
Spain,Northern Spain,Vino de Calidad de Valtiendas,""
Greece,Messinia,"",""
Italy,Central Italy,Lazio,""
Italy,Veneto,Marca Trevigiana,""
Greece,Mantinia,"",""
Israel,Samson,"",""
Hungary,Mátra,"",""
Italy,Piedmont,Casorzo,""
New Zealand,Stirling,"",""
US,California,Big Valley District-Lake County,""
Italy,Southern Italy,Martina,""
US,California,Santa Barbara County,Central Coast
Italy,Central Italy,Rubicone,""
Morocco,Guerrouane,"",""
New Zealand,Hawke's Bay,"",""
Australia,Western Australia,Pemberton,""
US,California,Redwood Valley,""
France,Burgundy,Mâcon-Davayé,""
Portugal,Alenquer,"",""
France,Burgundy,Irancy,""
Australia,South Australia,Langhorne Creek,""
US,California,Rockpile,Sonoma
France,Bordeaux,Côtes de Castillon,""
Mexico,Valle de Guadalupe and Santo Tomás,"",""
US,California,San Francisco Bay-Livermore Valley,Central Coast
France,Beaujolais,Beaujolais,""
France,Burgundy,Clos Saint-Denis,""
Brazil,Vale dos Vinhedos,"",""
Romania,Jidvei,"",""
Chile,Central Valley,"",""
US,Oregon,Oregon,Oregon Other
France,Loire Valley,"",""
Italy,Southern Italy,Squinzano,""
France,Provence,Côtes de Provence,""
Germany,Rheinhessen,"",""
US,California,Amador County,Sierra Foothills
Italy,Northeastern Italy,Delle Venezie,""
Italy,Central Italy,Verdicchio dei Castelli di Jesi Classico,""
Argentina,Mendoza Province,San Rafael,""
Italy,Piedmont,Coste della Sesia,""
Italy,Piedmont,Dolcetto d'Acqui,""
France,Languedoc-Roussillon,Vin de Pays des Côtes de Thau,""
France,Languedoc-Roussillon,Coteaux du Languedoc Pic Saint Loup,""
US,California,Sonoma-Napa-Lake,North Coast
France,Burgundy,Mazoyeres-Chambertin,""
France,Burgundy,Griotte-Chambertin,""
Spain,Central Spain,Almansa,""
Italy,Veneto,Valpolicella,""
France,Bordeaux,Saint-Georges-Saint-Émilion,""
US,New Jersey,Outer Coastal Plain,""
US,California,Sta. Rita Hills,Central Coast
Chile,Rio Claro,"",""
US,California,Knights Valley,Sonoma
Italy,Central Italy,Colline Teatine,""
US,California,Hames Valley,Central Coast
US,California,Napa-Mendocino-Sonoma,North Coast
Australia,South Australia,Adelaide Hills,""
Germany,Baden,"",""
Italy,Southern Italy,Terre del Volturno,""
US,California,Paicines,Central Coast
Australia,South Australia,Piccadilly Valley,""
France,Languedoc-Roussillon,Blanquette de Limoux,""
US,California,Monterey-Santa Barbara-Sonoma,California Other
France,Burgundy,Clos de Lambrays,""
Italy,Central Italy,Castelli Romani,""
South Africa,Devon Valley,"",""
Spain,Catalonia,Priorat,""
US,Oregon,Willamette Valley,Willamette Valley
US,California,Calaveras County,Sierra Foothills
Italy,Central Italy,Verdicchio di Matelica,""
Italy,Central Italy,Umbria,""
Italy,Veneto,Prosecco di Valdobbiadene,""
Italy,Lombardy,Curtefranca,""
Chile,Curicó and Maipo Valleys,"",""
Italy,Veneto,Valpolicella Ripasso,""
Spain,Andalucia,Vino de la Tierra de Cádiz,""
France,Beaujolais,Côte de Brouilly,""
Italy,Central Italy,Cesanese del Piglio,""
Spain,Northern Spain,Vino de la Tierra del Bajo Aragón,""
France,Burgundy,St.-Véran,""
France,Rhône Valley,Vin de Pays des Collines Rhodaniennes,""
Canada,Ontario,Niagara Escarpment,""
Spain,Northern Spain,Sardon de Duero,""
Romania,Romania,"",""
US,California,Marin County,North Coast
New Zealand,Canterbury,"",""
Spain,Central Spain,Tierra de Castilla,""
Argentina,Mendoza Province,Alto Valle de Uco,""
Greece,Mavrodaphne de Cephalonie,"",""
Italy,Sicily & Sardinia,Eloro,""
US,New York,Finger Lakes,Finger Lakes
France,Burgundy,Nuits-St.-Georges,""
Moldova,Moldova,"",""
Serbia,Pocerina,"",""
France,Southwest France,Lot,""
Portugal,Transmontanas,"",""
Romania,Murfatlar Cernavoda,"",""
Spain,Northern Spain,Toro,""
US,California,Oakville,Napa
Spain,Spain Other,Vino de Mesa,""
France,Burgundy,Bonnes-Mares,""
US,Connecticut,Western Connecticut Highlands,""
Hungary,Felso-Magyarország,"",""
US,California,Russian River Valley,Sonoma
Chile,Maule Valley,"",""
New Zealand,Martinborough,"",""
Italy,Sicily & Sardinia,Cannonau di Sardegna,""
Cyprus,Kathikas,"",""
Austria,Südburgenland,"",""
Italy,Southern Italy,Castel del Monte,""
Argentina,Other,Calchaquí Valley,""
US,California,San Benito County,Central Coast
France,Provence,Coteaux Varois,""
Uruguay,El Colorado,"",""
France,Languedoc-Roussillon,Banyuls,""
Spain,Central Spain,Tierra Manchuela,""
France,France Other,Vin de Pays de la Méditerranée,""
Italy,Southern Italy,Donnici,""
Italy,Southern Italy,Puglia,""
Portugal,Port,"",""
Argentina,Mendoza Province,La Consulta,""
France,Languedoc-Roussillon,Corbières-Boutenac,""
US,California,Happy Canyon of Santa Barbara,Central Coast
France,Loire Valley,Coteaux du Giennois,""
France,France Other,Ile de Beauté,""
France,Loire Valley,Côte Roannaise,""
Croatia,North Dalmatia,"",""
Italy,Central Italy,Lambrusco di Modena,""
US,Michigan,Michigan,""
Morocco,Beni M'Tir,"",""
Italy,Veneto,Amarone della Valpolicella Classico,""
South Africa,Western Cape,"",""
France,Burgundy,Savigny-lès-Beaune,""
US,Washington,Columbia Gorge (WA),Washington Other
France,Burgundy,Gevrey-Chambertin,""
Italy,Southern Italy,Campania,""
Italy,Northeastern Italy,Venezia Giulia,""
Italy,Veneto,Amarone della Valpolicella,""
France,Languedoc-Roussillon,Faugères,""
Italy,Northeastern Italy,Garda Classico,""
US,California,Placer County,Sierra Foothills
Italy,Piedmont,Barbera d'Asti,""
Argentina,Mendoza Province,San Carlos,""
Italy,Northeastern Italy,Friuli Isonzo,""
France,Burgundy,Corton-Bressandes,""
Spain,Central Spain,Extremadura,""
US,California,Guenoc Valley,""
Italy,Sicily & Sardinia,Siracusa,""
Italy,Southern Italy,Salento,""
Italy,Northeastern Italy,Colli Orientali del Friuli,""
Greece,Corinth,"",""
Spain,Northern Spain,Arribes del Duero,""
Australia,Australia Other,Australia-New Zealand,""
Australia,Western Australia,Margaret River,""
South Africa,Elgin,"",""
Italy,Veneto,Veneto,""
France,Loire Valley,Rosé d'Anjou,""
Italy,Tuscany,Colli Etruria Centrale,""
Uruguay,Juanico,"",""
US,California,Santa Margarita Ranch,Central Coast
Bulgaria,Sliven,"",""
Italy,Sicily & Sardinia,Mamertino,""
France,Rhône Valley,Coteaux du Tricastin,""
France,Burgundy,Chassagne-Montrachet,""
France,Burgundy,Bourgogne,""
Italy,Piedmont,Dolcetto di Monferrato,""
Greece,Rapsani,"",""
New Zealand,Moutere,"",""
France,Loire Valley,Cheverny,""
France,Languedoc-Roussillon,Saint-Chinian-Roquebrun,""
Germany,Pfalz,"",""
Spain,Catalonia,Penedès,""
Italy,Veneto,Prosecco,""
France,Burgundy,Auxey-Duresses,""
Spain,Spanish Islands,Vi de la Terra Mallorca,""
Italy,Piedmont,Colli Tortonesi,""
Bulgaria,Bulgaria,"",""
Australia,South Australia,Lenswood,""
US,California,Napa Valley-Paso Robles,California Other
Italy,Southern Italy,Biferno Bianco,""
Spain,Levante,Jumilla,""
France,Loire Valley,Vouvray,""
France,Bordeaux,Bordeaux Rosé,""
Cyprus,Pitsilia Mountains,"",""
US,California,Santa Barbara,Central Coast
Croatia,Croatia,"",""
France,Loire Valley,Reuilly,""
South Africa,Simonsberg-Stellenbosch,"",""
France,Provence,Var,""
US,California,Mendocino-Lake,North Coast
France,Southwest France,Gers,""
US,Ohio,Ohio River Valley,""
Argentina,Other,Pedernal Valley,""
Italy,Southern Italy,Tarantino,""
Italy,Veneto,Bardolino Chiaretto,""
France,Burgundy,Meursault,""
Italy,Central Italy,"",""
France,Provence,Alpilles,""
France,Languedoc-Roussillon,Côtes du Roussillon Les Aspres,""
France,Burgundy,Macon-Verge,""
France,Bordeaux,Côtes de Bordeaux Francs,""
Chile,Aconcagua Costa,"",""
Argentina,Other,Neuquén,""
Croatia,Kutjevo,"",""
Spain,Central Spain,Vino da Mesa de Toledo,""
Portugal,Dão,"",""
Austria,Neusiedlersee,"",""
Italy,Veneto,Bardolino,""
France,Languedoc-Roussillon,Limoux,""
US,California,Central Valley,""
China,China,"",""
Austria,Styria,"",""
France,Burgundy,Mazis-Chambertin,""
Italy,Sicily & Sardinia,Malvasia delle Lipari,""
Israel,Ella Valley,"",""
US,California,Jahant,Central Valley
South Africa,Philadelphia,"",""
South Africa,Breede River Valley,"",""
France,Languedoc-Roussillon,Aude,""
Argentina,Mendoza Province,Uco Valley,""
Chile,Peumo,"",""
Spain,Northern Spain,Bizkaiko Txakolina,""
US,California,Monterey-Santa Cruz,Central Coast
France,Languedoc-Roussillon,Côtes du Roussillon Villages Tautavel,""
US,California,Cole Ranch,""
France,Loire Valley,Muscadet,""
Australia,South Australia,Barossa-Adelaide Hills,""
Italy,Northwestern Italy,Riviera Ligure di Ponente,""
Italy,Central Italy,Assisi,""
Spain,Galicia,Rías Baixas,""
Italy,Southern Italy,Salice Salentino,""
Italy,Central Italy,Emilia,""
Italy,Tuscany,Candia Dei Colli Apuani,""
US,California,Green Valley,Sonoma
Austria,Kremstal,"",""
Canada,British Columbia,Similkameen Valley,""
Italy,Tuscany,Sant'Antimo,""
US,California,Saddle Rock-Malibu,South Coast
South Africa,Malgas,"",""
France,Southwest France,Irrouléguy,""
Egypt,Egypt,"",""
Argentina,Other,Buenos Aires,""
France,Rhône Valley,Clairette de Bellegarde,""
US,California,Yountville,Napa
Austria,Traisental,"",""
US,California,Mokelumne River,Central Valley
Italy,Piedmont,Roero,""
France,Burgundy,Puligny-Montrachet,""
Argentina,Other,San Juan,""
France,France Other,Corse Porto Vecchio,""
Greece,Santorini,"",""
France,Southwest France,Côtes de Bergerac,""
Portugal,Transmontano,"",""
Australia,South Australia,Currency Creek-McLaren Vale,""
Argentina,Mendoza Province,Maipú,""
Italy,Central Italy,Colli Aprutini,""
South Africa,South Africa,"",""
France,Burgundy,Mâcon-Chardonnay,""
South Africa,Cape Agulhas,"",""
Canada,Ontario,Short Hills Bench,""
France,Burgundy,Corton-Pougets,""
US,California,Sonoma County-Santa Barbara County,California Other
Italy,Southern Italy,Coda di Volpe d'Irpinia,""
Italy,Central Italy,Abruzzo,""
Argentina,Mendoza Province,Perdriel,""
Australia,South Australia,Barossa Valley,""
US,Texas,Texas High Plains,""
Italy,Southern Italy,Aglianico del Taburno,""
Australia,Victoria,Mornington Peninsula,""
France,Bordeaux,Côtes de Bordeaux,""
Italy,Southern Italy,Beneventano,""
Spain,Central Spain,Castilla La Mancha,""
France,France Other,Chignin,""
Chile,Casablanca-Curicó Valley,"",""
Italy,Italy Other,Vino da Tavola,""
Spain,Galicia,Ribeira Sacra,""
Switzerland,Switzerland,"",""
Romania,Tarnave,"",""
US,Washington,Puget Sound,Washington Other
Italy,Northeastern Italy,Garda,""
Argentina,Mendoza Province,Agrelo,""
US,California,Lake County-Mendocino County,""
Greece,Ismarikos,"",""
France,Languedoc-Roussillon,Vin de Pays de la Haute Vallée de l’Aude,""
Spain,Central Spain,Dominio de Valdepusa,""
US,California,Lake County,Mendocino/Lake Counties
Italy,Veneto,Valdobbiadene Superiore di Cartizze,""
Italy,Sicily & Sardinia,Isola dei Nuraghi,""
Romania,Dealu Mare,"",""
Italy,Veneto,Asolo Prosecco Superiore,""
France,Burgundy,Mâcon-Milly Lamartine,""
France,Languedoc-Roussillon,Aude Hauterive,""
France,France Other,Vin de Pays Vignobles de France,""
South Africa,Klein River,"",""
Australia,South Australia,Padthaway,""
France,Beaujolais,Beaujolais Blanc,""
France,Loire Valley,Savennières,""
US,Arizona,Cochise County,""
US,California,Napa County-Sonoma County,Napa-Sonoma
Georgia,Georgia,"",""
Argentina,Other,Zonda Valley,""
South Africa,Durbanville,"",""
Australia,Australia Other,South Australia-Victoria,""
US,California,Los Carneros,Napa-Sonoma
Italy,Veneto,Piave,""
France,Burgundy,Volnay,""
US,California,San Luis Obispo County,Central Coast
US,California,Calistoga,Napa
France,Burgundy,Monthélie,""
France,Burgundy,St.-Romain,""
New Zealand,Gladstone,"",""
Italy,Lombardy,Lugana,""
Slovenia,Brda,"",""
US,Oregon,Yamhill-Carlton District,Willamette Valley
France,Bordeaux,Cérons,""
France,Provence,Côtes de Provence La Londe,""
Italy,Piedmont,"",""
France,Burgundy,Vougeot,""
Italy,Southern Italy,Primitivo del Tarantino,""
France,Provence,"",""
France,Beaujolais,St.-Amour,""
Italy,Northeastern Italy,Trento,""
US,North Carolina,North Carolina,""
Spain,Northern Spain,Bierzo,""
Argentina,Other,Río Negro Valley,""
Argentina,Mendoza Province,Valle de Uco,""
New Zealand,Waipara Valley,"",""
Portugal,Moscatel de Setúbal,"",""
Italy,Central Italy,Lago di Corbara,""
Australia,South Australia,Southern Fleurieu,""
France,France Other,Vin de Pays de France,""
Greece,Thessalikos,"",""
South Africa,Polkadraai Hills,"",""
US,California,Mendocino Ridge,""
Italy,Tuscany,Rosso di Montalcino,""
France,Bordeaux,Médoc,""
Portugal,Bucelas,"",""
France,Beaujolais,Beaujolais-Leynes,""
Spain,Northern Spain,Cigales,""
Austria,Mittelburgenland,"",""
Chile,Pirque,"",""
US,California,Central Coast,Central Coast
Italy,Piedmont,Barbera d'Asti Superiore Nizza,""
Italy,Veneto,Valpolicella Classico,""
Japan,Kyoto,"",""
South Africa,Jonkershoek Valley,"",""
US,California,Ramona Valley,South Coast
US,California,Livermore Valley,Central Coast
France,Provence,Vin de Pays des Alpilles,""
France,Southwest France,Bergerac,""
France,Bordeaux,Bordeaux Clairet,""
France,Southwest France,"",""
Italy,Sicily & Sardinia,Faro,""
US,California,Carneros,Napa-Sonoma
Spain,Catalonia,Cava,""
Australia,South Australia,Eden Valley,""
US,California,Monterey County,Central Coast
Italy,Piedmont,Moscato d'Asti,""
Italy,Piedmont,Monferrato,""
South Africa,Cederberg,"",""
France,Bordeaux,Entre-Deux-Mers,""
Macedonia,Tikves,"",""
Italy,Lombardy,Sebino,""
France,France Other,Atlantique,""
Greece,Vin de Pays de Macédoine,"",""
Spain,Northern Spain,Arlanza,""
Australia,Western Australia,Mount Barker & Margaret River,""
Slovenia,Dolenjska,"",""
France,Beaujolais,Beaujolais-Villages,""
Italy,Northeastern Italy,Friuli Grave,""
US,New York,Long Island,Long Island
France,Rhône Valley,Muscat de Beaumes de Venise,""
US,California,High Valley,""
Italy,Sicily & Sardinia,Contessa Entellina,""
France,Rhône Valley,Vin de Pays des Cévennes,""
US,Illinois,Illinois,""
France,Southwest France,Brulhois,""
South Africa,Piekenierskloof,"",""
France,Bordeaux,Pessac-Léognan,""
France,Burgundy,Montagny,""
Greece,Krania Olympus,"",""
Israel,Dan,"",""
Israel,Negev,"",""
US,California,Siskiyou County,California Other
US,California,Sonoma County,Sonoma
South Africa,Stellenbosch,"",""
Australia,South Australia,McLaren Vale,""
Australia,Tasmania,Tasmania,""
France,Southwest France,Marcillac,""
Italy,Central Italy,Montepulciano d'Abruzzo,""
Italy,Tuscany,Maremma,""
France,Burgundy,Côtes de Nuits Villages,""
Italy,Southern Italy,Gioia del Colle,""
US,California,Lake County-Sonoma County,North Coast
France,France Other,Vin Pétillant,""
France,Bordeaux,Haut-Médoc,""
France,Bordeaux,Barsac,""
Italy,Southern Italy,Fiano di Avellino,""
Austria,Südoststeiermark,"",""
Italy,Northeastern Italy,Isonzo del Friuli,""
Australia,New South Wales,Gundagai,""
Brazil,Pinto Bandeira,"",""
France,Burgundy,Côte de Beaune,""
Australia,Victoria,Beechworth,""
Italy,Northeastern Italy,Del Veneto,""
Portugal,Douro,"",""
France,Southwest France,Cahors,""
France,Burgundy,Coteaux Bourguignons,""
US,New Mexico,New Mexico,""
US,America,"",""
New Zealand,East Coast,"",""
Italy,Veneto,Valpolicella Valpantena Superiore,""
Italy,Northeastern Italy,Venezie,""
New Zealand,South Island,"",""
France,Burgundy,Vin de Pays de Sainte-Marie la Blanche,""
France,Burgundy,Criots-Bâtard-Montrachet,""
US,California,Santa Lucia Highlands,Central Coast
Austria,Austria,"",""
Italy,Central Italy,Trebbiano d'Abruzzo,""
Italy,Veneto,Soave Classico Superiore,""
Italy,Italy Other,"",""
France,Burgundy,Corton-Rognet,""
Australia,South Australia,Henty,""
Italy,Central Italy,Orvieto,""
US,California,Clarksburg,Central Valley
Italy,Sicily & Sardinia,Valli di Porto Pino,""
US,California,Tehama County,California Other
France,Burgundy,Mâcon Solutré,""
Portugal,Vinho da Mesa,"",""
France,Rhône Valley,Cévennes,""
US,New York,Lake Erie,Finger Lakes
Italy,Tuscany,Chianti Colli Fiorentini,""
Australia,Victoria,King Valley,""
Slovenia,Vipavska Dolina,"",""
France,France Other,Roussette de Savoie,""
Italy,Central Italy,Montefalco Sagrantino,""
Italy,Tuscany,Bolgheri Sassicaia,""
Italy,Southern Italy,Moscato di Trani,""
Spain,Northern Spain,Tierra del Viños de Zamora,""
France,Beaujolais,Régnié,""
Chile,Rapel Valley-Casablanca Valley,"",""
New Zealand,Eastern Bays,"",""
Italy,Piedmont,Fara,""
Austria,Wachau,"",""
France,Loire Valley,Menetou-Salon,""
Israel,Upper Galilee,"",""
US,California,Carneros-Napa Valley,Napa
Italy,Northeastern Italy,Mitterberg,""
France,Bordeaux,Bordeaux,""
Spain,Central Spain,Valdepeñas,""
US,New York,New York,New York Other
Austria,Eisenberg,"",""
US,California,Mount Veeder,Napa
France,France Other,Vin de Pays de l'Ile de Beauté,""
Greece,Ioannina,"",""
Italy,Piedmont,Loazzolo,""
Italy,Lombardy,Montenetto di Brescia,""
Argentina,Mendoza Province,Tupungato,""
Czech Republic,Moravia,"",""
France,Bordeaux,Sainte-Foy Bordeaux,""
Chile,Santa Cruz,"",""
Spain,Spanish Islands,Lanzarote,""
South Africa,Olifants River,"",""
US,California,Sonoma County-Monterey County-Napa County,California Other
US,Arizona,Sonoita,""
US,Oregon,Dundee Hills,Willamette Valley
France,Rhône Valley,Côtes du Rhône Villages,""
US,California,Templeton Gap District,Central Coast
Portugal,Minho,"",""
Spain,Northern Spain,Calatayud,""
Austria,Thermenregion,"",""
France,Loire Valley,Saumur,""
France,Beaujolais,Beaujolais Rosé,""
Italy,Veneto,Bardolino Classico,""
Greece,Chalkidiki,"",""
Australia,Victoria,Central Victoria,""
France,Languedoc-Roussillon,Vin de Pays de Montferrand,""
Italy,Piedmont,Barbera d'Alba,""
Greece,Achaia,"",""
US,California,Cienega Valley,Central Coast
New Zealand,Waiheke Island,"",""
Italy,Southern Italy,Gravina,""
Croatia,Hvar,"",""
US,California,Alexander Valley,Sonoma
France,Burgundy,Rully,""
Italy,Sicily & Sardinia,Sardinia,""
France,France Other,Corse,""
Moldova,Codru Region,"",""
France,Burgundy,Mâcon-Verze,""
France,Burgundy,Clos de la Roche,""
Chile,Curicó Valley,"",""
US,California,Cucamonga Valley,South Coast
US,Ohio,Ohio,""
US,California,Mendocino-Sonoma-Amador,California Other
Australia,South Australia,Clare Valley-Eden Valley,""
Italy,Tuscany,San Gimignano,""
US,California,Napa-Mendocino-Santa Clara Counties,North Coast
Portugal,Alentejano,"",""
Spain,Levante,Yecla,""
Italy,Northeastern Italy,Friuli,""
Uruguay,Canelones,"",""
Spain,Central Spain,Manchuela,""
Georgia,Kakheti,"",""
Portugal,Beira Atlantico,"",""
Italy,Southern Italy,Cirò,""
Italy,Veneto,Soave Colli Scaligeri,""
Italy,Sicily & Sardinia,Carignano del Sulcis,""
France,Languedoc-Roussillon,Terrasses du Larzac,""
Cyprus,Lemesos,"",""
Italy,Tuscany,Vin Santo del Chianti Rufina,""
Spain,Levante,Alicante-Marina Alta,""
US,California,Sonoma Coast,Sonoma
Chile,Casablanca Valley,"",""
Italy,Piedmont,Barbera d'Asti Superiore,""
Italy,Sicily & Sardinia,Vittoria Frappato,""
France,Southwest France,Gaillac,""
US,New Jersey,New Jersey,""
US,California,California-Oregon,""
US,Oregon,Columbia Valley (OR),Oregon Other
Italy,Sicily & Sardinia,Vittoria,""
France,Languedoc-Roussillon,Picpoul de Pinet,""
Uruguay,San Jose,"",""
Canada,Canada Other,Quebec,""
US,California,Mendocino County,Mendocino/Lake Counties
US,California,Shenandoah Valley (CA),Sierra Foothills
France,Loire Valley,Chinon,""
US,California,Santa Cruz County,Central Coast
US,California,Potter Valley,Mendocino/Lake Counties
France,Beaujolais,Chénas,""
Spain,Andalucia,"",""
Hungary,Pannon,"",""
France,Bordeaux,Côtes de Bourg,""
Italy,Piedmont,Cortese di Gavi,""
Romania,Viile Timisului,"",""
Italy,Northeastern Italy,Alto Adige Terlano,""
France,Burgundy,Chevalier-Montrachet,""
Greece,Cephalonia,"",""
Italy,Central Italy,Lacrima di Morro d'Alba,""
Greece,Gerania,"",""
Italy,Central Italy,Todi,""
Spain,Northern Spain,Emporadà-Costa Brava,""
Italy,Sicily & Sardinia,Cerasuolo di Vittoria Classico,""
Italy,Tuscany,Chardonnay di Toscana,""
Italy,Central Italy,Cerasuolo d'Abruzzo,""
France,Bordeaux,Lussac Saint-Émilion,""
Italy,Southern Italy,Molise,""
US,California,South Coast,""
Italy,Veneto,Breganze,""
France,Loire Valley,Saint-Nicolas-de-Bourgueil,""
France,Burgundy,La Romanée,""
US,Washington,Columbia Valley,""
US,California,Sonoma-Napa-Mendocino,North Coast
Argentina,Mendoza Province,Altos de Mendoza,""
Italy,Central Italy,Est! Est!! Est!!! di Montefiascone,""
US,California,Santa Cruz Mountains,Central Coast
Italy,Northeastern Italy,Vigneti delle Dolomiti,""
Italy,Lombardy,Provincia di Pavia,""
Australia,Australia Other,Central Ranges,""
Spain,Catalonia,Conca de Barberà,""
Italy,Sicily & Sardinia,Monica di Sardegna,""
Italy,Sicily & Sardinia,Moscato di Noto,""
France,Loire Valley,Touraine Mesland,""
US,California,Napa-Monterey-Mendocino,""
France,Rhône Valley,Clairette de Die Méthode Dioise Ancestrale,""
US,California,"",""
US,California,Arroyo Grande Valley,Central Coast
France,Loire Valley,Crémant de Loire,""
US,California,Sonoma-Napa,Napa-Sonoma
Italy,Central Italy,Terre di Chieti,""
France,Bordeaux,Premieres Côtes de Bordeaux,""
France,Bordeaux,Francs Côtes de Bordeaux,""
Italy,Southern Italy,Galluccio,""
Croatia,Hrvatsko Primorje,"",""
US,California,Lake County-Mendocino County,Mendocino/Lake Counties
France,Languedoc-Roussillon,Vin de Pays des Coteaux de Murviel,""
Italy,Southern Italy,Aglianico d'Irpinia,""
Greece,Corinthia,"",""
Italy,Piedmont,Langhe,""
Italy,Veneto,Veneto Orientale,""
Austria,Donauland,"",""
US,California,Cole Ranch,Mendocino/Lake Counties
France,Loire Valley,Montlouis-sur-Loire,""
Italy,Veneto,Prosecco di Valdobbiadene Superiore,""
Italy,Southern Italy,Falanghina del Molise,""
Italy,Central Italy,Conero Riserva,""
US,Rhode Island,Southeastern New England,""
US,California,Monterey County-Napa County,Central Coast
Australia,Victoria,Pyrenees,""
France,Languedoc-Roussillon,Vin de Pays des Côtes Catalanes,""
France,Burgundy,Chapelle-Chambertin,""
Greece,Mount Athos,"",""
Italy,Lombardy,Pavia,""
Italy,Veneto,San Martino della Battaglia,""
Greece,Crete,"",""
Italy,Lombardy,Sforzato di Valtellina,""
Italy,Southern Italy,Falanghina del Beneventano,""
France,Languedoc-Roussillon,Côtes de Thau,""
Germany,Württemberg,"",""
Switzerland,Neuchâtel,"",""
France,Languedoc-Roussillon,Vin de Pays de la Vallée de l’Aude,""
France,Rhône Valley,Tavel,""
Italy,Sicily & Sardinia,Etna,""
Italy,Sicily & Sardinia,Terre Siciliane,""
Lebanon,Bekaa Valley,"",""
France,Southwest France,Pécharmant,""
US,California,Mount Harlan,Central Coast
Argentina,Other,Alto Valle del Río Negro,""
Turkey,Ankara,"",""
Austria,South Styria,"",""
France,Bordeaux,Bordeaux Supérieur,""
Australia,New South Wales,Hilltops,""
Australia,New South Wales,Orange,""
US,Texas,Texas,""
Italy,Central Italy,Montepulciano d'Abruzzo Colline Teramane,""
Chile,Sagrada Familia,"",""
France,Burgundy,Montrachet,""
France,Languedoc-Roussillon,Vin de Pays de la Haute Vallée du Gassac,""
US-France,Santa Barbara County-Condrieu,"",""
France,Bordeaux,Castillon Côtes de Bordeaux,""
US,New York,Hudson River Region,New York Other
Slovenia,Slovenia,"",""
Chile,Casablanca & Leyda Valleys,"",""
France,Burgundy,Saint-Bris,""
New Zealand,Wairau Valley,"",""
France,Loire Valley,Châteaumeillant,""
US,California,San Lucas,Central Coast
Spain,Central Spain,Ribera del Guadiana,""
Israel,Judean Hills,"",""
Spain,Levante,Alicante,""
US,California,Fiddletown,Sierra Foothills
US,Ohio,Grand River Valley,""
Italy,Northeastern Italy,Friuli Colli Orientali,""
Italy,Central Italy,Forlì,""
US,California,York Mountain,Central Coast
Portugal,Obidos,"",""
Greece,Peza,"",""
Albania,Mirditë,"",""
France,Provence,Bandol,""
France,Alsace,Crémant d'Alsace,""
Spain,Northern Spain,Ribera del Duero,""
France,Bordeaux,Canon-Fronsac,""
Italy,Piedmont,Barbera del Monferrato,""
Chile,Colchagua Costa,"",""
France,Rhône Valley,Lirac,""
Spain,Northern Spain,"",""
Italy,Veneto,Custoza Superiore,""
France,France Other,Vin de Pays des Coteaux de L'Ardeche,""
US,California,Chalk Hill,Sonoma
Italy,Lombardy,Franciacorta,""
US,California,Carmel Valley,Central Coast
France,Beaujolais,Moulin-à-Vent,""
US,Washington,Lake Chelan,Columbia Valley
Greece,Imathia,"",""
Spain,Catalonia,Pla de Bages,""
Israel,Haut-Judeé,"",""
Brazil,Brazil,"",""
Brazil,Serra do Sudeste,"",""
Germany,Rhein-Mosel,"",""
US,California,Napa-Amador,California Other
New Zealand,Marlborough & Hawkes Bay,"",""
France,Beaujolais,Saint-Amour,""
Italy,Tuscany,Cortona,""
France,Burgundy,Ladoix,""
Italy,Tuscany,Alta Valle della Greve,""
France,Southwest France,Côtes du Tarn,""
France,Burgundy,Côte de Nuits-Villages,""
Italy,Central Italy,Verdicchio dei Castelli di Jesi,""
Italy,Tuscany,Tuscany,""
US,California,Solano County Green Valley,North Coast
US,California,Santa Clara County,Central Coast
US,Washington,Chelan County,Washington Other
US,California,Amador-Napa,California Other
Italy,Veneto,Monti Lessini,""
Italy,Southern Italy,Savuto,""
France,France Other,Moselle VDQS,""
US,California,Anderson Valley,""
Italy,Tuscany,Bolgheri,""
Italy,Central Italy,Colli Bolognesi,""
Greece,Nemea,"",""
Portugal,Algarve,"",""
Italy,Central Italy,Sangiovese di Romagna,""
France,Loire Valley,Coteaux du Layon Saint Aubin,""
Italy,Lombardy,Oltrepò Pavese,""
Italy,Tuscany,Vin Santo del Chianti Classico,""
Greece,Monemvasia,"",""
Australia,Western Australia,Geographe,""
France,Languedoc-Roussillon,Coteaux du Languedoc,""
France,France Other,Vin de Table Francais,""
France,Burgundy,Pommard,""
Tunisia,Tunisia,"",""
US,California,Red Hills Lake County,Mendocino/Lake Counties
France,Southwest France,Landes,""
Australia,South Australia,Currency Creek,""
Portugal,Beiras,"",""
Chile,Limarí Valley,"",""
Spain,Northern Spain,Navarra,""
Australia,New South Wales,Darlington Point,""
Australia,South Australia,Adelaide Plains,""
France,Burgundy,Maranges,""
France,Loire Valley,Pays de Loire,""
US,California,McDowell Valley,""
France,Beaujolais,Brouilly,""
Italy,Sicily & Sardinia,Cerasuolo di Vittoria,""
Australia,South Australia,Clare Valley,""
France,Languedoc-Roussillon,Minervois,""
US,Colorado,Grand Valley,""
US,California,Alta Mesa,Central Valley
France,Bordeaux,Crémant de Bordeaux,""
US,California,Monterey County-Napa County-Sonoma County,California Other
Hungary,Sopron,"",""
Greece,Zitsa,"",""
Armenia,Armenia,"",""
US,Washington,Horse Heaven Hills,Columbia Valley
Italy,Italy Other,Italy,""
Croatia,Istria,"",""
Italy,Northeastern Italy,Friuli Aquileia,""
Greece,Arcadia,"",""
Italy,Central Italy,Colli di Faenza,""
France,Southwest France,Vin de Pays des Côtes de Gascogne,""
Australia,Victoria,Strathbogie Ranges-Mornington Peninsula,""
Italy,Central Italy,Colli di Rimini,""
France,Rhône Valley,Crémant de Die,""
Italy,Piedmont,Barbaresco,""
New Zealand,Marlborough,"",""
US,Michigan,Lake Michigan Shore,""
Italy,Southern Italy,Terra degli Osci,""
Italy,Southern Italy,Lacryma Christi del Vesuvio,""
Italy,Piedmont,Dogliani,""
Italy,Central Italy,Verdicchio dei Castelli di Jesi Classico Superiore,""
Chile,Puente Alto,"",""
Greece,Central Greece,"",""
Italy,Tuscany,Colline Lucchesi,""
US,California,Ventura County,Central Coast
Chile,Maipo Valley-Colchagua Valley,"",""
France,Languedoc-Roussillon,Cabardes,""
Italy,Tuscany,Aleatico dell'Elba,""
France,Bordeaux,Listrac,""
Greece,Opuntia Locris,"",""
France,Southwest France,Madiran,""
Australia,South Australia,Clarendon,""
France,Bordeaux,Fronsac,""
Italy,Central Italy,Offida Pecorino,""
Hungary,Villány,"",""
Italy,Veneto,Valpolicella Ripasso Valpantena,""
Italy,Southern Italy,Asprinio di Aversa,""
US,California,Tuolumne County,Sierra Foothills
South Africa,Simonsberg-Paarl,"",""
Italy,Southern Italy,Biferno Rosso,""
Italy,Veneto,Montello e Colli Asolani,""
Italy,Tuscany,Chianti Montalbano,""
Portugal,Alentejo,"",""
Italy,Southern Italy,Galatina,""
France,Burgundy,Bourgogne Aligoté,""
France,Burgundy,Grands-Echezeaux,""
US,California,Napa County-Sonoma County-San Joaquin County,California Other
France,Southwest France,Côtes de Montravel,""
Spain,Northern Spain,Vino de la Tierra Ribera del Jiloca,""
Italy,Northeastern Italy,Alto Adige,""
France,Bordeaux,Pomerol,""
Italy,Sicily & Sardinia,Contea di Sclafani,""
Italy,Sicily & Sardinia,Alcamo,""
France,Rhône Valley,Rasteau,""
Italy,Piedmont,Gavi di Gavi,""
Slovenia,Primorska,"",""
France,Southwest France,Gaillac Doux,""
France,Burgundy,Corton Les Renardes,""
Greece,Pisatis,"",""
France,Loire Valley,Blanc Fumé de Pouilly,""
Romania,Sebes,"",""
US,California,Napa-Sonoma,Napa-Sonoma
Italy,Piedmont,Monferrato Bianco,""
US,Washington,Columbia Valley (WA),Columbia Valley
Austria,Burgenland,"",""
Israel,Shomron,"",""
US,Virginia,Middleburg,""
France,Languedoc-Roussillon,Côtes du Roussillon,""
France,Burgundy,Bourgogne Epineuil,""
Morocco,Zenata,"",""
US,California,Malibu-Newton Canyon,South Coast
US,Missouri,Augusta,""
Italy,Sicily & Sardinia,Alghero,""
Canada,Ontario,Lake Erie North Shore,""
France,Languedoc-Roussillon,Vin de Pays de L'Aude,""
US,California,Chalone,Central Coast
France,Loire Valley,Savennières-Roche-Aux-Moines,""
Italy,Tuscany,Chianti Colli Pisani,""
Slovenia,Kras,"",""
Serbia,Župa,"",""
France,Loire Valley,Quarts de Chaume,""
Argentina,Other,Famatina Valley,""
Italy,Central Italy,Controguerra,""
Australia,South Australia,Barossa-Langhorne Creek,""
US,California,San Luis Obispo-Sonoma-Monterey,California Other
France,Burgundy,Corton Les Lolières,""
New Zealand,Central Otago-Marlborough,"",""
France,Burgundy,Mercurey,""
France,Southwest France,Côtes de Gascogne,""
Italy,Sicily & Sardinia,Vermentino di Sardegna,""
Chile,Requinoa,"",""
Australia,South Australia,Clare Valley-Coonawarra,""
South Africa,Ceres Plateau,"",""
US,Idaho,Idaho,""
US,California,Diamond Mountain District,Napa
US,Michigan,Old Mission Peninsula,""
Chile,San Antonio,"",""
Italy,Central Italy,Montefalco Rosso,""
France,Languedoc-Roussillon,Vin de Pays du Val de Cesse,""
Italy,Tuscany,Vin Santo del Chianti,""
Cyprus,Cyprus,"",""
Australia,South Australia,Riverland,""
Romania,Panciu,"",""
France,Southwest France,Saussignac,""
Argentina,Other,Argentina,""
US,California,Ballard Canyon,Central Coast
Italy,Veneto,Prosecco Superiore di Cartizze,""
Italy,Southern Italy,Greco di Tufo,""
Greece,Muscat of Patras,"",""
France,Southwest France,Comté Toulosan,""
Italy,Southern Italy,Apulia,""
Australia,Victoria,Alpine Valleys,""
Spain,Spanish Islands,"",""
Spain,Northern Spain,Pago de Arínzano,""
France,Languedoc-Roussillon,Languedoc,""
France,Burgundy,Chablis,""
France,Bordeaux,Premieres Côtes de Blaye,""
Israel,Israel,"",""
France,France Other,Patrimonio,""
France,Loire Valley,Touraine,""
France,Rhône Valley,Clairette de Die,""
Italy,Lombardy,Terrazze Retiche di Sondrio,""
US,California,Mendocino-Amador-Napa,California Other
Italy,Tuscany,Maremma Toscana,""
France,Provence,Côtes de Provence Sainte-Victoire,""
France,Rhône Valley,Condrieu,""
Spain,Catalonia,Terra Alta,""
France,Bordeaux,Listrac-Médoc,""
France,Burgundy,Bourgogne Hautes Côtes de Beaune,""
Italy,Veneto,Recioto della Valpolicella,""
France,Rhône Valley,Ardèche,""
France,Loire Valley,Savennières-Coulée de Serrant,""
France,France Other,Charentais,""
Portugal,Ribatejo,"",""
Italy,Southern Italy,Taburno,""
Chile,Loncomilla Valley,"",""
US,Arizona,Arizona,""
France,Languedoc-Roussillon,Gard,""
US,California,Potter Valley,""
Italy,Central Italy,Offida Rosso,""
France,Loire Valley,Saumur-Champigny,""
Italy,Veneto,Amarone della Valpolicella Valpantena,""
Italy,Southern Italy,Rosso del Salento,""
US,California,Sonoma County-San Joaquin County,California Other
France,Burgundy,Bourgogne Vézelay,""
US,Washington,Red Mountain,Columbia Valley
France,Burgundy,Saint-Véran,""
France,Burgundy,Crémant de Bourgogne,""
France,Burgundy,Saint-Aubin,""
France,Loire Valley,Muscadet Sèvre et Maine,""
France,Languedoc-Roussillon,Minervois La Liviniere,""
Chile,Marchigue,"",""
France,Loire Valley,Muscadet Côtes de Grandlieu,""
Italy,Tuscany,Chianti Colli Aretini,""
Spain,Northern Spain,Vino Tierra de León,""
US,California,Napa-Sonoma-Monterey,North Coast
France,Languedoc-Roussillon,Vin de Pays de Hauterive,""
US,California,Oak Knoll District,Napa
France,Burgundy,Corton,""
France,France Other,France,""
US,Idaho,"",""
Italy,Central Italy,Romagna,""
US,Virginia,Shenandoah Valley,""
New Zealand,Wairarapa,"",""
Italy,Tuscany,Pomino,""
Australia,South Australia,"",""
France,Loire Valley,Cabernet de Saumur,""
US,Hawaii,Hawaii,""
Portugal,Torres Vedras,"",""
Bulgaria,Targovishte,"",""
US,California,Mendocino County,""
US,Oregon,Southern Oregon,Southern Oregon
Italy,Central Italy,Lambrusco Reggiano,""
Bulgaria,Black Sea Coastal,"",""
US,California,Chiles Valley,Napa
France,Rhône Valley,Côtes du Luberon,""
US,California,Dry Creek Valley,Sonoma
US,Oregon,Rogue Valley,Southern Oregon
France,Southwest France,Bergerac Sec,""
Italy,Sicily & Sardinia,Marsala,""
France,Languedoc-Roussillon,Fitou,""
Chile,Malleco,"",""
Brazil,Campanha,"",""
Portugal,Moscatel do Douro,"",""
Greece,Samos,"",""
Italy,Piedmont,Ghemme,""
Moldova,Cahul,"",""
Greece,Thraki,"",""
US,California,North Yuba,Sierra Foothills
Greece,Aigialias Slopes,"",""
Switzerland,Ticino,"",""
Italy,Central Italy,Gutturnio Classico Superiore,""
Australia,Victoria,Bellarine Peninsula,""
France,Bordeaux,Pauillac,""
Greece,Naoussa,"",""
South Africa,Paarl,"",""
US,California,Mendocino Ridge,Mendocino/Lake Counties
Australia,South Australia,Wrattonbully,""
Italy,Veneto,Recioto di Soave Classico,""
Portugal,Douro Superior,"",""
France,Rhône Valley,Cornas,""
US,California,Mendocino,Mendocino/Lake Counties
Australia,South Australia,Adelaide,""
France,Rhône Valley,Ventoux,""
US,California,Solano County,North Coast
Italy,Tuscany,Val di Cornia Suvereto,""
Germany,Ahr,"",""
Slovenia,Štajerska,"",""
Greece,Markopoulo,"",""
Romania,Vânju Mare,"",""
Austria,Österreichischer Perlwein,"",""
France,Southwest France,Côtes de Frontonnais,""
Greece,Epanomi,"",""
Brazil,Vale Trentino,"",""
France,Bordeaux,Bordeaux Côtes de Francs,""
US,California,Napa County-Sonoma County-Lake County,North Coast
France,Burgundy,Meursault-Blagny,""
Canada,Ontario,Prince Edward County,""
Italy,Central Italy,Olevano Romano,""
France,Bordeaux,Saint-Émilion,""
US,Virginia,Monticello,""
France,Burgundy,Echézeaux,""
Spain,Central Spain,Mentrida,""
Austria,Neusiedlersee-Hügelland,"",""
Portugal,Estremadura,"",""
France,Burgundy,Pouilly-Vinzelles,""
France,Burgundy,Bourgogne Gamay,""
France,Burgundy,Macon-Bussières,""
Australia,Victoria,Yarra Valley-Heathcote,""
France,Burgundy,Côte de Beaune-Villages,""
France,Southwest France,Vin de Pays du Comté Tolosan,""
Italy,Lombardy,Lugana Superiore,""
France,Burgundy,Beaune,""
France,Burgundy,Saint-Romain,""
France,Loire Valley,Anjou,""
US,California,San Francisco Bay,Central Coast
France,Burgundy,Mâcon-Pierreclos,""
US,California,Rutherford,Napa
France,Southwest France,Pacherenc du Vic Bilh,""
Italy,Veneto,Veronese,""
Italy,Tuscany,Montecucco,""
France,Loire Valley,Coteaux du Vendômois,""
South Africa,Overberg,"",""
France,Languedoc-Roussillon,"",""
US,Washington,Rattlesnake Hills,Columbia Valley
Italy,Southern Italy,Taurasi,""
Portugal,Tejo,"",""
Spain,Levante,Utiel-Requena,""
Mexico,Valle de Guadalupe,"",""
Italy,Lombardy,Valtellina Superiore,""
France,Southwest France,Saint-Mont,""
France,Burgundy,Marsannay,""
Italy,Tuscany,Chianti Superiore,""
France,Burgundy,Mâcon-Loché,""
Italy,Veneto,Valpolicella Ripasso Classico,""
South Africa,Tradouw,"",""
South Africa,Bot River,"",""
Italy,Central Italy,Frascati,""
US,California,Napa-Sonoma-Lake,North Coast
Australia,South Australia,Southern Flinders Ranges,""
Italy,Southern Italy,Val di Neto,""
Austria,Österreichischer Sekt,"",""
US,California,Madera,Central Valley
Spain,Northern Spain,Empordà,""
Italy,Tuscany,Barco Reale di Carmignano,""
France,Loire Valley,Coteaux du Layon La Faye,""
US,California,El Dorado,Sierra Foothills
Australia,South Australia,Coonawarra,""
France,Beaujolais,Chiroubles,""
France,Beaujolais,Morgon,""
France,Rhône Valley,Gigondas,""
France,Loire Valley,Pouilly-sur-Loire,""
US,Michigan,Leelanau Peninsula,""
France,Bordeaux,Puisseguin Saint-Émilion,""
Switzerland,Valais,"",""
Italy,Northeastern Italy,Alto Adige Valle Isarco,""
US,California,El Pomar District,Central Coast
US,Virginia,Virginia's Eastern Shore,""
France,France Other,Savoie,""
Croatia,Peljesac,"",""
Italy,Lombardy,Lombardy,""
Romania,Terasele Dunarii,"",""
South Africa,Cape Peninsula,"",""
Italy,Southern Italy,Campi Flegrei,""
France,Loire Valley,Vin de Pays du Jardin de la France,""
Mexico,San Antonio de las Minas Valley,"",""
US,California,St. Helena,Napa
Italy,Piedmont,Dolcetto d'Alba,""
US,California,Tehema Foothills,Sierra Foothills
US,California,Red Hills Lake County,""
Australia,New South Wales,New South Wales,""
Chile,Buin,"",""
France,Burgundy,Latricières-Chambertin,""
US,California,Stanislaus County,Central Valley
Australia,Victoria,Geelong,""
South Africa,Coastal Region,"",""
Serbia,Fruška Gora,"",""
Italy,Northeastern Italy,Colli Trevigiani,""
Italy,Piedmont,Barbera del Monferrato Superiore,""
France,France Other,Côtes du Jura,""
Italy,Southern Italy,Roccamonfina,""
Portugal,Trás-os-Montes,"",""
Italy,Veneto,Gambellara Classico,""
Italy,Northeastern Italy,Teroldego Rotaliano,""
Greece,Sterea Ellada,"",""
Argentina,Mendoza Province,Mendoza,""
US,California,Mendocino,""
Italy,Tuscany,Colli della Toscana Centrale,""
South Africa,Lutzville Valley,"",""
US,California,Sonoma-Napa-Monterey,California Other
France,Champagne,Coteaux Champenois,""
Spain,Andalucia,Málaga,""
US,California,Malibu Coast,South Coast
Australia,South Australia,Barossa Valley-Clare Valley,""
Italy,Southern Italy,Sant' Agata dei Goti,""
Spain,Central Spain,Uclés,""
South Africa,Hemel en Aarde,"",""
Croatia,Korčula,"",""
Greece,Agioritikos,"",""
Italy,Piedmont,Asti,""
France,Languedoc-Roussillon,Vin de Pays d'Oc,""
Austria,Vienna,"",""
France,France Other,Vin de Pays des Portes de Méditerranée,""
Italy,Central Italy,Colline Pescaresi,""
Chile,Leyda Valley-Maipo Valley,"",""
US,California,Moon Mountain District Sonoma County,Sonoma
France,Burgundy,Charmes-Chambertin,""
France,France Other,Château-Chalon,""
Australia,Western Australia,Great Southern,""
Spain,Andalucia,Jerez,""
Italy,Southern Italy,Irpinia,""
US,California,Anderson Valley,Mendocino/Lake Counties
Italy,Veneto,Valdobbiadene Prosecco Superiore,""
Spain,Andalucia,Montilla-Moriles,""
US,California,Fair Play,Sierra Foothills
France,Provence,Vin de Pays des Maures,""
France,Burgundy,Bourgogne Côtes d’Auxerre,""
Spain,Andalucia,Manzanilla-Sanlúcar de Barrameda,""
US,Oregon,Oregon Other,""
Italy,Veneto,Conegliano Valdobbiadene Prosecco Superiore,""
England,England,"",""
France,Southwest France,Côtes du Marmandais,""
Argentina,Mendoza Province,"",""
Italy,Tuscany,Vernaccia di San Gimignano,""
US,Oregon,Umpqua Valley,Southern Oregon
Germany,Mosel,"",""
Germany,Mosel-Saar-Ruwer,"",""
New Zealand,Awatere Valley,"",""
Portugal,Terras da Beira,"",""
France,Burgundy,Mâcon,""
France,Rhône Valley,Beaumes-de-Venise,""
US,Oregon,McMinnville,Willamette Valley
US,California,Sierra Foothills,Sierra Foothills
France,Bordeaux,Lalande de Pomerol,""
Italy,Central Italy,Civitella d'Agliano,""
France,Burgundy,Viré-Clessé,""
Italy,Piedmont,Dogliani Superiore,""
Canada,British Columbia,British Columbia,""
France,Burgundy,Musigny,""
Italy,Central Italy,Colli Pesaresi,""
Italy,Piedmont,Dolcetto d'Alba Superiore,""
Italy,Veneto,Prosecco di Conegliano,""
Portugal,Vinho Verde,"",""
France,Burgundy,Pouilly-Fuissé,""
France,Provence,Coteaux Varois en Provence,""
New Zealand,Central Otago,"",""
Germany,Rheingau,"",""
Hungary,Eger,"",""
France,Burgundy,Bâtard-Montrachet,""
Italy,Veneto,Valdadige,""
France,Loire Valley,Anjou Villages,""
Italy,Veneto,Colli di Conegliano,""
France,Burgundy,Mâcon-Villages,""
US,New York,Cayuga Lake,Finger Lakes
US,Virginia,Virginia,""
Portugal,Vinho Espumante de Qualidade,"",""
Australia,Victoria,Bendigo,""
Italy,Central Italy,Colli Piacentini,""
France,Languedoc-Roussillon,Vin de Pays de L'Herault,""
Italy,Southern Italy,Cirò Classico,""
Canada,Ontario,St. David's Bench,""
US,California,River Junction,Central Valley
France,Burgundy,Mâcon-Péronne,""
Croatia,Podunavlje,"",""
US,California,Napa County-Lake County,North Coast
South Korea,Jiri Valley,"",""
France,Burgundy,Givry,""
Greece,Korinthia,"",""
Turkey,Urla-Thrace,"",""
Argentina,Other,Catamarca,""
Spain,Northern Spain,Vino de la Tierra de Zamora,""
US,California,Paso Robles,Central Coast
US,California,Temecula,South Coast
Austria,Wagram-Donauland,"",""
France,Loire Valley,Anjou Villages Brissac,""
Italy,Tuscany,Rosso di Toscana,""
Italy,Veneto,Prosecco Treviso,""
France,Languedoc-Roussillon,Vin de Pays Cité de Carcassonne,""
Argentina,Mendoza Province,Vista Flores,""
US,California,Sonoma County-Monterey County-Santa Barbara County,California Other
Italy,Veneto,Colli Euganei,""
Portugal,Vinho Licoroso,"",""
Moldova,Chisinau County,"",""
US,Texas,Texoma,""
US,Oregon,Eola-Amity Hills,Willamette Valley
New Zealand,Gisborne,"",""
US,California,Antelope Valley of the California High Desert,South Coast
Chile,Molina,"",""
US,California,Napa-Carneros,Napa
US,California,Sonoma-Mendocino,North Coast
Italy,Veneto,Bianco di Custoza,""
US,California,Santa Maria Valley,Central Coast
Australia,South Australia,South Australia,""
Italy,Veneto,Soave,""
Italy,Piedmont,Barbera d'Alba Superiore,""
France,Burgundy,Morey-Saint-Denis,""
US,California,Napa-Sonoma,North Coast
Spain,Central Spain,Sierra de Salamanca,""
Spain,Catalonia,Alella,""
Luxembourg,Moselle Luxembourgeoise,"",""
US,California,High Valley,Mendocino/Lake Counties
South Africa,Constantia,"",""
Lithuania,Lithuania,"",""
Greece,Patras,"",""
US,California,California,California Other
Italy,Tuscany,Brunello di Montalcino,""
Spain,Spain Other,Spain,""
Austria,Wiener Gemischter Satz,"",""
US,Washington,Naches Heights,Columbia Valley
Spain,Central Spain,Vinos de Madrid,""
Italy,Piedmont,Erbaluce di Caluso,""
France,Burgundy,Romanée-St.-Vivant,""
France,Burgundy,La Grande Rue,""
Bulgaria,Danube Hills Valley,"",""
Australia,South Australia,McLaren Vale-Langhorne Creek,""
France,Bordeaux,Sauternes,""
France,Bordeaux,Cadillac,""
France,Burgundy,Corton-Charlemagne,""
US,California,Clements Hills,Central Valley
Spain,Andalucia,Vino de la Tierra Contraviesa Alpujarra,""
South Africa,Elim,"",""
Portugal,Table wine,"",""
US,California,Capay Valley,Central Valley
France,Languedoc-Roussillon,Côtes Catalanes,""
Spain,Northern Spain,Cariñena,""
US,California,San Pasqual,South Coast
Italy,Central Italy,Montepulciano d'Abruzzo Cerasuolo,""
Mexico,San Vicente,"",""
Austria,Weinland Österreich,"",""
Portugal,Terras do Sado,"",""
Brazil,Santa Catarina,"",""
France,Languedoc-Roussillon,Grand Roussillon,""
Canada,British Columbia,Okanagan Valley,""
France,Southwest France,Périgord,""
Portugal,Ribatejano,"",""
France,Loire Valley,Coteaux d'Ancenis,""
US,California,Clear Lake,Mendocino/Lake Counties
Austria,Steiermark,"",""
Italy,Central Italy,Lambrusco Grasparossa di Castelvetro,""
Turkey,Elazığ-Diyarbakir,"",""
France,Burgundy,Bienvenues Bâtard-Montrachet,""
New Zealand,Ohiti Valley,"",""
Romania,Viile Carasului,"",""
France,France Other,Vin de France,""
US,Washington,Snipes Mountain,Columbia Valley
Spain,Central Spain,Madrid,""
Greece,Limnos,"",""
Italy,Central Italy,Montefalco,""
New Zealand,North Island,"",""
France,Burgundy,Bourgogne Grand Ordinaire,""
Argentina,Other,Salta,""
Italy,Piedmont,Roero Arneis,""
Italy,Lombardy,Terre di Franciacorta,""
Spain,Northern Spain,Vino de la Tierra Ribera del Gállego-Cinco Villas,""
France,Burgundy,Mâcon-Mancey,""
Portugal,Península de Setúbal,"",""
US,Oregon,Applegate Valley,Southern Oregon
Canada,Ontario,Niagara Peninsula,""
Portugal,Portuguese Table Wine,"",""
Turkey,Aegean,"",""
Austria,Leithaberg,"",""
France,Burgundy,Chambertin,""
US,Ohio,Isle St. George,""
Italy,Piedmont,Carema,""
Turkey,Cappadocia,"",""
US,California,Mendocino-Lake County-Napa,North Coast
US,Oregon,Walla Walla Valley (OR),Oregon Other
Bulgaria,Thracian Valley,"",""
Spain,Northern Spain,Rueda,""
Spain,Central Spain,Vino de la Tierra de Castilla,""
Greece,Peloponnese,"",""
France,Burgundy,Corton Grèves,""
Australia,New South Wales,Mudgee,""
Australia,New South Wales,Riverina,""
Romania,Viile Timis,"",""
Italy,Central Italy,Colline Teramane,""
Montenegro,Lake Skadar Valley,"",""
US,Washington,Yakima Valley,Columbia Valley
Italy,Central Italy,Torgiano Rosso Riserva,""
Italy,Veneto,Soave Superiore,""
France,Southwest France,Monbazillac,""
Argentina,Other,Aminga Valley,""
Italy,Veneto,Recioto della Valpolicella Valpantena,""
Italy,Sicily & Sardinia,Moscato di Pantelleria,""
Germany,Nahe,"",""
Italy,Veneto,Prosecco di Conegliano e Valdobbiadene,""
Italy,Central Italy,Colli Perugini,""
South Africa,Tulbagh,"",""
Italy,Veneto,Recioto di Soave,""
Romania,Dealurile Munteniei,"",""
US,California,Sonoma,Sonoma
US,California,Sonoma-Santa Barbara-Mendocino,California Other
Italy,Southern Italy,Catalanesca del Monte Somma,""
US,California,Contra Costa County,Central Coast
Australia,South Australia,Limestone Coast,""
Greece,Beotia,"",""
Spain,Galicia,Monterrei,""
France,Burgundy,Mâcon-Vergisson,""
Italy,Southern Italy,Ischia,""
France,Languedoc-Roussillon,Muscat de Saint-Jean de Minervois,""
Australia,Queensland,Granite Belt,""
France,Languedoc-Roussillon,Collioure,""
France,Bordeaux,Cadillac Côtes de Bordeaux,""
France,France Other,Mediterranée,""
France,Burgundy,Chorey-lès-Beaune,""
Italy,Tuscany,Chianti Colli Senesi,""
Italy,Central Italy,Falerio,""
Australia,Victoria,Nagambie Lakes,""
Portugal,Duriense,"",""
Chile,Coelemu,"",""
Greece,Pageon,"",""
Italy,Northeastern Italy,Benaco Bresciano,""
Romania,Plaiurile Drancei,"",""
South Africa,Franschhoek,"",""
Italy,Tuscany,Chianti Rufina,""
Greece,Halkidiki,"",""
France,France Other,Crémant de Jura,""
France,Southwest France,Côtes de Saint-Mont,""
US,Virginia,Albemarle County,""
Chile,Elqui Valley,"",""
Italy,Lombardy,Valtellina,""
New Zealand,Waipara,"",""
Uruguay,Montevideo,"",""
France,Rhône Valley,Côtes-du-Ventoux,""
France,Burgundy,Mâcon-Charnay,""
Croatia,Dingač,"",""
France,Languedoc-Roussillon,Rivesaltes Rosé,""
Romania,Transylvanian Plateau,"",""
Bulgaria,Rose Valley,"",""
France,Burgundy,Vosne-Romanée,""
France,Burgundy,Hautes Cotes de Beaune,""
Greece,Florina,"",""
US,North Carolina,Swan Creek,""
Italy,Southern Italy,Penisola Sorrentina,""
Spain,Northern Spain,Getariako Txakolina,""
US,Massachusetts,Massachusetts,""
Portugal,Colares,"",""
Italy,Southern Italy,Brindisi,""
France,Languedoc-Roussillon,Crémant de Limoux,""
US,California,Atlas Peak,Napa
Italy,Southern Italy,Falanghina del Sannio,""
Greece,Sithonia,"",""
Italy,Central Italy,Sagrantino di Montefalco,""
Chile,Cauquenes Valley,"",""
Australia,South Australia,Fleurieu Peninsula,""
Greece,Vin de Pays d'Imathia,"",""
Australia,Western Australia,Frankland River,""
France,Languedoc-Roussillon,Sable de Camargue,""
France,Beaujolais,Juliénas,""
Italy,Central Italy,Lambrusco dell'Emilia,""
Portugal,Alenteo,"",""
France,Rhône Valley,Côtes du Rhône,""
Germany,Franken,"",""
Italy,Veneto,Rosso del Veronese,""
Turkey,Turkey,"",""
France,Burgundy,Mâcon Chaintré,""
Italy,Tuscany,Chianti Montespertoli,""
France,Burgundy,Burgundy,""
US,California,Paso Robles Highlands District,Central Coast
US,Oregon,Chehalem Mountains,Willamette Valley
US,Washington,Wahluke Slope,Columbia Valley
Italy,Northeastern Italy,Trentino,""
US,Oregon,Columbia Gorge (OR),Oregon Other
Italy,Southern Italy,Primitivo del Salento,""
Italy,Southern Italy,Cacc’e Mmitte di Lucera,""
US,Washington,Washington,Washington Other
Spain,Catalonia,Catalunya,""
US,California,Stags Leap District,Napa
Chile,Chile,"",""
Italy,Tuscany,Bolgheri Superiore,""
Spain,Catalonia,Montsant,""
Uruguay,Atlantida,"",""
Italy,Piedmont,Colline Novaresi,""
US,California,Pine Mountain-Cloverdale Peak,Sonoma
France,Southwest France,Buzet,""
Croatia,Middle and South Dalmatia,"",""
Spain,Levante,Vino de la Tierra de Castelló,""
US,California,California-Washington,""
US,California,Napa Valley,Napa
France,Alsace,Alsace,""
US,California,Bennett Valley,Sonoma
France,Bordeaux,Graves,""
Italy,Central Italy,Emilia-Romagna,""
France,Bordeaux,"",""
Greece,Goumenissa,"",""
South Africa,Vlootenburg,"",""
US,California,Monterey-San Luis Obispo-Santa Barbara,Central Coast
Slovenia,Slovenska Istra,"",""
Italy,Tuscany,Chianti Classico,""
Portugal,Beira Interior,"",""
France,Rhône Valley,"",""
Chile,Lolol Valley,"",""
Italy,Sicily & Sardinia,Romangia,""
Italy,Veneto,Valpolicella Ripasso Valpantena Superiore,""
Italy,Sicily & Sardinia,Sicilia,""
Austria,Kamptal,"",""
US,California,Spring Mountain District,Napa
Italy,Tuscany,Vino Nobile di Montepulciano,""
France,Burgundy,Mâcon-Cruzille,""
France,Southwest France,Fronton,""
Italy,Veneto,Recioto della Valpolicella Classico,""
France,Burgundy,Mâcon La Roche Vineuse,""
Italy,Tuscany,Monteregio di Massa Marittima,""
Portugal,Vinho Espumante,"",""
Greece,Amyndeon,"",""
France,Burgundy,Mâcon-Fuissé,""
France,Languedoc-Roussillon,La Clape,""
Italy,Southern Italy,Paestum,""
Australia,Victoria,Yarra Valley,""
Italy,Veneto,Valpolicella Superiore,""
France,Languedoc-Roussillon,Rivesaltes,""
Australia,Australia Other,South Eastern Australia,""
Italy,Veneto,Prosecco del Veneto,""
US,Colorado,Colorado,""
Austria,Weinviertel,"",""
Portugal,Portugal,"",""
France,Rhône Valley,Hermitage,""
Ukraine,Ukraine,"",""
Spain,Catalonia,Costers del Segre,""
Turkey,Elazığ,"",""
Greece,Lesbos,"",""
Italy,Southern Italy,Nardò,""
US,California,Napa County,Napa
Italy,Piedmont,Ruché di Castagnole Monferrato,""
US,California,Nevada County,Sierra Foothills
Greece,Lakonia,"",""
France,Rhône Valley,Vin Doux Naturel Rasteau,""
Italy,Central Italy,Sangiovese di Romagna Superiore,""
Hungary,Tokaj,"",""
US,California,Monterey-Santa Barbara,Central Coast
Italy,Piedmont,Piemonte,""
Spain,Central Spain,Ribera del Júcar,""
Italy,Central Italy,Rosso Piceno Superiore,""
Italy,Southern Italy,Murgia,""
Italy,Lombardy,Valtènesi,""
France,Burgundy,Mâcon-Vinzelles,""
US,Washington,Walla Walla Valley (WA),Columbia Valley
Italy,Tuscany,Montescudaio,""
France,Burgundy,Corton Vergennes,""
France,Loire Valley,Touraine Amboise,""
France,France Other,Côtes de Forez,""
US,California,Mendocino-Solano,North Coast
New Zealand,Martinborough Terrace,"",""
France,Burgundy,Chambertin Clos de Bèze,""
France,Rhône Valley,Côte Rôtie,""
Italy,Southern Italy,Falerno del Massico,""
US,California,North Coast,North Coast
Italy,Southern Italy,Epomeo,""
Greece,Letrinon,"",""
US,California,Arroyo Seco,Central Coast
Spain,Galicia,Ribeiro,""
US,New York,North Fork of Long Island,Long Island
France,Southwest France,Côtes du Lot,""
Italy,Northeastern Italy,Rosazzo,""
US,Washington-Oregon,"",""
France,Southwest France,Jurançon Sec,""
US,California,Yorkville Highlands,North Coast
France,Burgundy,Côte Chalonnaise,""
Romania,Recas,"",""
Italy,Veneto,Bardolino Superiore,""
France,Languedoc-Roussillon,Côtes de Thongue,""
Italy,Northeastern Italy,Ramandolo,""
US,California,Sonoma,""
France,Languedoc-Roussillon,Vin de Pays des Coteaux de Bessilles,""
France,Languedoc-Roussillon,Vin de Pays des Collines de la Moure,""
Spain,Central Spain,La Mancha,""
South Africa,Swartland,"",""
France,Burgundy,Aloxe-Corton,""
France,Loire Valley,Coteaux du Layon,""
Italy,Southern Italy,Calabria,""
Spain,Levante,Bullas,""
Argentina,Other,Tulum Valley,""
Italy,Northeastern Italy,"",""
US,California,San Bernabe,Central Coast
US,California,Sonoma County-Napa County,Napa-Sonoma
France,Bordeaux,Saint-Croix-du-Mont,""
US,Texas,"",""
France,Bordeaux,Moulis,""
France,Beaujolais,Fleurie,""
Italy,Central Italy,Rosso Piceno,""
Italy,Piedmont,Gattinara,""
US,California,Suisun Valley,North Coast
US,California,Kelsey Bench-Lake County,""
Italy,Tuscany,Vermentino di Toscana,""
US,Kentucky,Kentucky,""
US,California,Napa-Sonoma-Marin,North Coast
Spain,Northern Spain,Campo de Borja,""
Spain,Northern Spain,Somontano,""
Italy,Central Italy,Albana di Romagna,""
Austria,Wagram,"",""
Italy,Sicily & Sardinia,Vermentino di Gallura,""
Italy,Southern Italy,Colli di Salerno,""
France,Rhône Valley,Collines Rhôdaniennes,""
France,Burgundy,Mâcon-Lugny,""
Italy,Tuscany,Vin Santo di Montepulciano,""
Spain,Central Spain,Finca Élez,""
France,Rhône Valley,Châteauneuf-du-Pape,""
France,Bordeaux,Margaux,""
Italy,Sicily & Sardinia,Salina,""
France,Southwest France,Bergerac Rosé,""
Greece,Macedonia,"",""
US,California,Mt. Harlan,Central Coast
Italy,Northeastern Italy,Trentino Superiore,""
Croatia,Dalmatian Coast,"",""
France,Loire Valley,Vin de Pays du Val de Loire,""
Spain,Spanish Islands,Vi de la Terra Illes Balears,""
Romania,Dealurile Hușilor,"",""
France,Provence,Palette,""
US,California,McDowell Valley,Mendocino/Lake Counties
South Africa,Cape South Coast,"",""
Italy,Southern Italy,Rosso di Cerignola,""
France,Loire Valley,Quincy,""
Morocco,Morocco,"",""
Spain,Andalucia,Vino de la Tierra Altiplano de Sierra Nevada,""
Italy,Veneto,Colli Asolani Prosecco,""
Greece,Greece,"",""
New Zealand,New Zealand,"",""
France,Burgundy,Petit Chablis,""
Uruguay,Progreso,"",""
Hungary,Hungary,"",""
South Africa,Groenekloof,"",""
France,Languedoc-Roussillon,Maury Sec,""
France,Loire Valley,Coteaux de l'Aubance,""
France,Bordeaux,Bordeaux Blanc,""
Chile,Aconcagua Valley,"",""
Chile,Leyda Valley,"",""
Italy,Veneto,Soave Classico,""
Austria,Carnuntum,"",""
Portugal,Bairrada,"",""
US,New York,Seneca Lake,Finger Lakes
Australia,Victoria,Victoria,""
South Africa,Robertson,"",""
Portugal,Setubal,"",""
US,Washington,Ancient Lakes,Columbia Valley
US,California,Northern Sonoma,Sonoma
US,New York,Niagara Escarpment,New York Other
France,Loire Valley,Cabernet d'Anjou,""
Italy,Central Italy,Colli Martani,""
Australia,Victoria,Gippsland,""
Chile,Cachapoal Valley,"",""
Italy,Tuscany,Rosso di Montepulciano,""
Australia,Victoria,Heathcote,""
France,Burgundy,Pernand-Vergelesses,""
Italy,Southern Italy,Pompeiano,""
Australia,South Australia,McLaren Vale-Padthaway,""
Italy,Sicily & Sardinia,Passito di Noto,""
France,Languedoc-Roussillon,Vin de Pays de Caux,""
Italy,Veneto,Valpolicella Classico Superiore Ripasso,""
Italy,Southern Italy,Basilicata,""
Australia,Victoria,Rutherglen,""
France,Burgundy,Bourgogne Hautes Côtes de Nuits,""
Italy,Veneto,Valpolicella Valpantena,""
US,California,Humboldt County,North Coast
France,France Other,Arbois,""
Italy,Sicily & Sardinia,Nuragus di Cagliari,""
Italy,Tuscany,Montecarlo,""
France,Languedoc-Roussillon,Vin de Pays des Sables du Golfe du Lion,""
France,Burgundy,Clos de Vougeot,""
Canada,Ontario,Beamsville Bench,""
Italy,Central Italy,Orvieto Classico,""
Italy,Central Italy,Rosso Conero,""
Spain,Northern Spain,Ribera del Queiles,""
Australia,New South Wales,Western Plains,""
France,Southwest France,Côtes du Frontonnais,""
Greece,Ilia,"",""
Spain,Central Spain,Toledo,""
France,Loire Valley,Coteaux du Layon Beaulieu,""
US,Iowa,Iowa,""
US,California,Santa Clara Valley,Central Coast
France,Bordeaux,Saint-Estèphe,""
Italy,Piedmont,Gavi,""
Italy,Central Italy,Lambrusco di Sorbara,""
US,Nevada,Nevada,""
US,California,Howell Mountain,Napa
Italy,Piedmont,Alta Langa,""
US,California,Sonoma Valley,Sonoma
Italy,Italy Other,Vino Spumante,""
US,Oregon,Elkton Oregon,Southern Oregon
France,Languedoc-Roussillon,Côtes du Roussillon Villages,""
Italy,Southern Italy,Vesuvio,""
Germany,Mittelrhein,"",""
Switzerland,Vino da Tavola della Svizzera Italiana,"",""
US,California,Sonoma Mountain,Sonoma
US,California,Adelaida District,Central Coast
Spain,Northern Spain,Vino de la Tierra de Castilla y León,""
France,Provence,Les Baux de Provence,""
Israel,Jerusalem Hills,"",""
Bosnia and Herzegovina,Mostar,"",""
US,Vermont,Vermont,""
Italy,Piedmont,Dolcetto di Dogliani Superiore,""
Italy,Northeastern Italy,Friuli Venezia Giulia,""
Portugal,Távora-Varosa,"",""
US,California,Lime Kiln Valley,Central Coast
Australia,Western Australia,Mount Barker,""
Italy,Southern Italy,Aglianico del Beneventano,""
Italy,Piedmont,Verduno,""
Italy,Tuscany,Chianti,""
Italy,Veneto,Valpolicella Classico Superiore,""
Turkey,Thrace,"",""
Australia,Victoria,Swan Hill,""
Italy,Veneto,Arcole,""
US,Oregon,"",""
Chile,Maipo Valley,"",""
Israel,Galilee,"",""
US,Oregon,Willamette Valley,""
France,Southwest France,Montravel,""
Austria,Südsteiermark,"",""
Peru,Ica,"",""
New Zealand,Omaka Valley,"",""
France,Languedoc-Roussillon,Maury,""
Italy,Veneto,Lison-Pramaggiore,""
Italy,Tuscany,Moscadello di Montalcino,""
Italy,Veneto,Venezia,""
France,Southwest France,Béarn,""
Portugal,Terras do Dão,"",""
Australia,Victoria,Grampians,""
US,California,Edna Valley,Central Coast
US,Oregon,Polk County,Oregon Other
Italy,Central Italy,Falerio dei Colli Ascolani,""
Israel,Golan Heights,"",""
Italy,Southern Italy,Copertino,""
Italy,Northeastern Italy,Collio,""
US,California,Lodi,Central Valley
Portugal,Lisboa,"",""
US,California,Central Coast,""
Argentina,Mendoza Province,Medrano,""
France,Bordeaux,Moulis-en-Médoc,""
South Africa,Eilandia,"",""
US,California,Yolo County,Central Valley
Australia,New South Wales,Hunter Valley,""
Spain,Northern Spain,Tierra de León,""
Italy,Northeastern Italy,Grave del Friuli,""
Italy,Piedmont,Strevi,""
Australia,Victoria,Goulburn Valley,""
France,Burgundy,Mâcon-Prissé,""
Greece,Lemnos,"",""
Chile,Bío Bío Valley,"",""
US,California,Temecula Valley,South Coast
France,Languedoc-Roussillon,Muscat de Rivesaltes,""
Argentina,Other,Jujuy,""
Italy,Southern Italy,Costa d'Amalfi,""
US,California,North Coast,""
India,Nashik,"",""
France,Bordeaux,Vin de Pays de l'Atlantique,""
