country,province,region_1,region_2,index
Spain,Northern Spain,Rioja,"",1
Italy,Piedmont,Barolo,"",2
US,California,Monterey,Central Coast,3
Italy,Piedmont,Piedmont,"",4
Chile,Lontué Valley,"","",5
Italy,Sicily & Sardinia,Monreale,"",6
France,Burgundy,Mâcon-Azé,"",7
US,California,San Antonio Valley,Central Coast,8
France,Burgundy,"","",9
Italy,Piedmont,Diano d'Alba,"",10
Georgia,Napareuli,"","",11
Australia,Victoria,Strathbogie Ranges,"",12
US,California,Santa Ynez Valley,Central Coast,13
US,Oregon,Ribbon Ridge,Willamette Valley,14
France,Rhône Valley,Saint-Péray,"",15
US,California,San Luis Obispo,Central Coast,16
South Africa,Walker Bay,"","",17
US,California,Fort Ross-Seaview,Sonoma,18
Italy,Tuscany,Sangiovese di Toscana,"",19
South Africa,Paardeberg,"","",20
France,Beaujolais,Coteaux du Lyonnais,"",21
Greece,Egilias Slopes,"","",22
France,Languedoc-Roussillon,Côtes du Roussillon Villages Caramany,"",23
Spain,Levante,Valencia,"",24
US,California,South Coast,South Coast,25
New Zealand,Kumeu,"","",26
France,Burgundy,Santenay,"",27
US,California,Paso Robles Willow Creek District,Central Coast,28
Australia,Victoria,Murray-Darling,"",29
US,California,Sonoma County-Monterey County,California Other,30
Italy,Central Italy,Offida Passerina,"",31
Italy,Central Italy,Circeo,"",32
US,California,Lake County,"",33
US,California,Redwood Valley,Mendocino/Lake Counties,34
Greece,Retsina,"","",35
Italy,Central Italy,Gutturnio Colli Piacentini,"",36
Italy,Piedmont,Dolcetto di Diano d'Alba,"",37
Australia,New South Wales,Tumbarumba,"",38
France,Languedoc-Roussillon,Pays d'Oc,"",39
Greece,Muscat of Kefallonian,"","",40
US,California,Sierra Pelona Valley,South Coast,41
Italy,Veneto,Bardolino Classico Superiore,"",42
Spain,Northern Spain,Valdeorras,"",43
Chile,Itata Valley,"","",44
France,France Other,Vin de Liqueur,"",45
Australia,South Australia,McLaren Vale-Adelaide Hills,"",46
Italy,Southern Italy,Sannio,"",47
US,California,Clear Lake,"",48
Uruguay,Uruguay,"","",49
Italy,Piedmont,Boca,"",50
Italy,Piedmont,Bramaterra,"",51
France,Loire Valley,Rosé de Loire,"",52
Italy,Central Italy,Lambrusco Salamino di Santa Croce,"",53
Croatia,Krk,"","",54
Italy,Tuscany,Morellino di Scansano,"",55
US,California,Napa,"",56
France,Provence,Coteaux d'Aix-en-Provence,"",57
France,Languedoc-Roussillon,Corbières,"",58
Argentina,Other,Cuyo,"",59
Italy,Northwestern Italy,Colli di Luni,"",60
US,California,Guenoc Valley,Mendocino/Lake Counties,61
Italy,Central Italy,San Marino,"",62
France,Loire Valley,Haut-Poitou,"",63
Italy,Piedmont,Barbera di Piemonte,"",64
France,Loire Valley,Sancerre,"",65
Italy,Veneto,Valpolicella Superiore Ripasso,"",66
France,Languedoc-Roussillon,Saint-Chinian,"",67
South Africa,Wellington,"","",68
France,France Other,"","",69
Italy,Piedmont,Lessona,"",70
US,California,Ben Lomond Mountain,Central Coast,71
Germany,Landwein Rhein,"","",72
New Zealand,Waitaki Valley,"","",73
US,California,Lake-Sonoma-Napa,North Coast,74
Uruguay,Colonia,"","",75
US,California,Anderson Valley-Sonoma County-Cole Ranch,North Coast,76
Chile,Rapel Valley,"","",77
France,Rhône Valley,Saint-Joseph,"",78
France,Rhône Valley,Luberon,"",79
Italy,Tuscany,Vin Santo di Carmignano,"",80
Italy,Sicily & Sardinia,Erice,"",81
US,California,Napa-Mendocino-Sonoma-Marin,North Coast,82
Italy,Veneto,Custoza,"",83
France,Loire Valley,Val de Loire,"",84
Portugal,Madeira,"","",85
France,Loire Valley,Bonnezeaux,"",86
US,California,Trinity County,North Coast,87
Italy,Central Italy,Torgiano,"",88
South Africa,Darling,"","",89
France,Provence,Coteaux de Verdon,"",90
Greece,Ilias,"","",91
Italy,Southern Italy,Leverano,"",92
Argentina,Other,Cafayate,"",93
France,Rhône Valley,Vin de Pays de Vaucluse,"",94
Israel,Negev Hills,"","",95
Italy,Sicily & Sardinia,Passito di Pantelleria,"",96
France,Languedoc-Roussillon,Saint Guilhem le Désert,"",97
France,Loire Valley,Muscadet Coteaux de la Loire,"",98
Italy,Veneto,Lessini Durello,"",99
US,California,Santa Barbara-Monterey,North Coast,100
France,France Other,Chignin-Bergeron,"",101
Italy,Sicily & Sardinia,Delia Nivolelli,"",102
Australia,Australia Other,McLaren Vale-Beechworth,"",103
Austria,Niederösterreich,"","",104
Italy,Tuscany,Toscana,"",105
France,Rhône Valley,Costières de Nîmes,"",106
Spain,Catalonia,Catalonia,"",107
US,Pennsylvania,Pennsylvania,"",108
Italy,Tuscany,Costa Toscana,"",109
Italy,Central Italy,Frascati Superiore,"",110
France,France Other,Vin Mousseux,"",111
France,Burgundy,Hautes Côtes de Nuits,"",112
Italy,Central Italy,Conero,"",113
Chile,Curicó and Leyda Valleys,"","",114
Spain,Catalonia,Tarragona,"",115
Italy,Piedmont,Brachetto d'Acqui,"",116
Greece,Amindeo,"","",117
Australia,New South Wales,Southern Highlands,"",118
Australia,Victoria,Macedon Ranges,"",119
Portugal,Palmela,"","",120
France,Bordeaux,Montagne-Saint-Émilion,"",121
US,California,Sonoma County-Lake County,North Coast,122
Argentina,Other,Patagonia,"",123
France,Provence,Vin de Pays Var,"",124
France,Loire Valley,Bourgueil,"",125
Italy,Piedmont,Dolcetto d'Asti,"",126
Chile,Choapa Valley,"","",127
Slovakia,Muzla,"","",128
Australia,South Australia,Mount Benson,"",129
France,Southwest France,Vin de Pays de Côtes du Tarn,"",130
Chile,Colchagua Valley,"","",131
US,California,Coombsville,Napa,132
France,Burgundy,Pouilly-Loché,"",133
US,Washington,Columbia Valley-Walla Walla Valley,Columbia Valley,134
Slovenia,Goriska Brda,"","",135
France,Loire Valley,Cour-Cheverny,"",136
Spain,Northern Spain,Vino de Calidad de Tierras de León,"",137
Cyprus,Pafos,"","",138
Greece,Drama,"","",139
France,Loire Valley,Muscadet Sèvre et Maine Clisson,"",140
Canada,Ontario,Niagara-On-The-Lake,"",141
Chile,Apalta,"","",142
France,Southwest France,Vin de Pays du Lot,"",143
Italy,Sicily & Sardinia,Colli del Limbara,"",144
France,Southwest France,Jurançon,"",145
France,Bordeaux,Blaye Côtes de Bordeaux,"",146
France,Rhône Valley,Vacqueyras,"",147
Argentina,Other,La Rioja,"",148
Hungary,Neszmély,"","",149
Cyprus,Commandaria,"","",150
US,North Carolina,Yadkin Valley,"",151
Greece,Atalanti Valley,"","",152
US,Oregon,Yamhill County,Willamette Valley,153
Greece,Mavrodaphne of Patras,"","",154
South Africa,Northern Cape,"","",155
US,California,Mendocino-Amador,California Other,156
Argentina,Mendoza Province,Luján de Cuyo,"",157
Italy,Central Italy,Marche,"",158
France,Champagne,Champagne,"",159
US,California,Dunnigan Hills,Central Valley,160
Italy,Tuscany,Carmignano,"",161
Romania,Murfatlar,"","",162
France,Southwest France,Côtes de Duras,"",163
France,Loire Valley,Coteaux du Layon Chaume,"",164
Australia,South Australia,Barossa Valley-McLaren Vale,"",165
Austria,Langenlois,"","",166
Italy,Sicily & Sardinia,Nasco di Cagliari,"",167
France,Burgundy,Chambolle-Musigny,"",168
Italy,Tuscany,Orcia,"",169
France,Rhône Valley,Crozes-Hermitage,"",170
New Zealand,Nelson,"","",171
Italy,Veneto,"","",172
France,Burgundy,Mâcon-Uchizy,"",173
Hungary,Szekszárd,"","",174
US,Missouri,Missouri,"",175
Italy,Southern Italy,Primitivo di Manduria,"",176
Italy,Northwestern Italy,Valle d'Aosta,"",177
Australia,South Australia,Langhorne Creek-Limestone Coast,"",178
Canada,Canada Other,Canada,"",179
France,Burgundy,Corton Perrières,"",180
Greece,Evia,"","",181
France,Languedoc-Roussillon,Coteaux du Languedoc-Pézenas,"",182
France,Languedoc-Roussillon,Vallée du Paradis,"",183
Italy,Tuscany,Sovana,"",184
France,Bordeaux,Saint-Julien,"",185
Israel,Galil,"","",186
Greece,Pangeon,"","",187
France,Burgundy,Fixin,"",188
Chile,San Clemente,"","",189
Italy,Piedmont,Nebbiolo d'Alba,"",190
Hungary,Tokaji,"","",191
Italy,Central Italy,Orvieto Classico Superiore,"",192
Italy,Southern Italy,Aglianico del Vulture,"",193
Greece,Vin de Pays de Velvendo,"","",194
Australia,South Australia,Kangaroo Island,"",195
France,Languedoc-Roussillon,Vin de Pays des Coteaux de Peyriac,"",196
Bulgaria,Danube River Plains,"","",197
France,Languedoc-Roussillon,Vin de Pays des Côtes de Thongue,"",198
France,Rhône Valley,Laudun,"",199
France,Loire Valley,Chaume,"",200
South Africa,Helderberg,"","",201
France,Loire Valley,Pouilly-Fumé,"",202
Australia,South Australia,Barossa,"",203
Brazil,Serra Gaúcha,"","",204
Italy,Piedmont,Dolcetto di Dogliani,"",205
Italy,Sicily & Sardinia,Noto,"",206
US,New York,"The Hamptons, Long Island",Long Island,207
Germany,Germany,"","",208
US,California,El Dorado County,Sierra Foothills,209
France,Burgundy,Clos de Tart,"",210
Greece,Cyclades,"","",211
Romania,Colinele Dobrogei,"","",212
France,Southwest France,Vin de Pays des Pyrénees Orientales,"",213
Australia,Western Australia,Western Australia,"",214
Australia,Australia Other,Australia,"",215
France,France Other,Vin de Savoie,"",216
Italy,Southern Italy,Lamezia,"",217
US,Massachusetts,Southeastern New England,"",218
Lebanon,Lebanon,"","",219
France,France Other,Apremont,"",220
Italy,Southern Italy,Cilento,"",221
South Africa,Breedekloof,"","",222
US,California,San Diego County,South Coast,223
US,California,California Other,"",224
Italy,Northwestern Italy,Liguria,"",225
Greece,Attica,"","",226
France,Rhône Valley,Vin de Pays du Gard,"",227
Italy,Sicily & Sardinia,Menfi,"",228
Spain,Northern Spain,Vino de Calidad de Valtiendas,"",229
Greece,Messinia,"","",230
Italy,Central Italy,Lazio,"",231
Italy,Veneto,Marca Trevigiana,"",232
Greece,Mantinia,"","",233
Israel,Samson,"","",234
Hungary,Mátra,"","",235
Italy,Piedmont,Casorzo,"",236
New Zealand,Stirling,"","",237
US,California,Big Valley District-Lake County,"",238
Italy,Southern Italy,Martina,"",239
US,California,Santa Barbara County,Central Coast,240
Italy,Central Italy,Rubicone,"",241
Morocco,Guerrouane,"","",242
New Zealand,Hawke's Bay,"","",243
Australia,Western Australia,Pemberton,"",244
US,California,Redwood Valley,"",245
France,Burgundy,Mâcon-Davayé,"",246
Portugal,Alenquer,"","",247
France,Burgundy,Irancy,"",248
Australia,South Australia,Langhorne Creek,"",249
US,California,Rockpile,Sonoma,250
France,Bordeaux,Côtes de Castillon,"",251
Mexico,Valle de Guadalupe and Santo Tomás,"","",252
US,California,San Francisco Bay-Livermore Valley,Central Coast,253
France,Beaujolais,Beaujolais,"",254
France,Burgundy,Clos Saint-Denis,"",255
Brazil,Vale dos Vinhedos,"","",256
Romania,Jidvei,"","",257
Chile,Central Valley,"","",258
US,Oregon,Oregon,Oregon Other,259
France,Loire Valley,"","",260
Italy,Southern Italy,Squinzano,"",261
France,Provence,Côtes de Provence,"",262
Germany,Rheinhessen,"","",263
US,California,Amador County,Sierra Foothills,264
Italy,Northeastern Italy,Delle Venezie,"",265
Italy,Central Italy,Verdicchio dei Castelli di Jesi Classico,"",266
Argentina,Mendoza Province,San Rafael,"",267
Italy,Piedmont,Coste della Sesia,"",268
Italy,Piedmont,Dolcetto d'Acqui,"",269
France,Languedoc-Roussillon,Vin de Pays des Côtes de Thau,"",270
France,Languedoc-Roussillon,Coteaux du Languedoc Pic Saint Loup,"",271
US,California,Sonoma-Napa-Lake,North Coast,272
France,Burgundy,Mazoyeres-Chambertin,"",273
France,Burgundy,Griotte-Chambertin,"",274
Spain,Central Spain,Almansa,"",275
Italy,Veneto,Valpolicella,"",276
France,Bordeaux,Saint-Georges-Saint-Émilion,"",277
US,New Jersey,Outer Coastal Plain,"",278
US,California,Sta. Rita Hills,Central Coast,279
Chile,Rio Claro,"","",280
US,California,Knights Valley,Sonoma,281
Italy,Central Italy,Colline Teatine,"",282
US,California,Hames Valley,Central Coast,283
US,California,Napa-Mendocino-Sonoma,North Coast,284
Australia,South Australia,Adelaide Hills,"",285
Germany,Baden,"","",286
Italy,Southern Italy,Terre del Volturno,"",287
US,California,Paicines,Central Coast,288
Australia,South Australia,Piccadilly Valley,"",289
France,Languedoc-Roussillon,Blanquette de Limoux,"",290
US,California,Monterey-Santa Barbara-Sonoma,California Other,291
France,Burgundy,Clos de Lambrays,"",292
Italy,Central Italy,Castelli Romani,"",293
South Africa,Devon Valley,"","",294
Spain,Catalonia,Priorat,"",295
US,Oregon,Willamette Valley,Willamette Valley,296
US,California,Calaveras County,Sierra Foothills,297
Italy,Central Italy,Verdicchio di Matelica,"",298
Italy,Central Italy,Umbria,"",299
Italy,Veneto,Prosecco di Valdobbiadene,"",300
Italy,Lombardy,Curtefranca,"",301
Chile,Curicó and Maipo Valleys,"","",302
Italy,Veneto,Valpolicella Ripasso,"",303
Spain,Andalucia,Vino de la Tierra de Cádiz,"",304
France,Beaujolais,Côte de Brouilly,"",305
Italy,Central Italy,Cesanese del Piglio,"",306
Spain,Northern Spain,Vino de la Tierra del Bajo Aragón,"",307
France,Burgundy,St.-Véran,"",308
France,Rhône Valley,Vin de Pays des Collines Rhodaniennes,"",309
Canada,Ontario,Niagara Escarpment,"",310
Spain,Northern Spain,Sardon de Duero,"",311
Romania,Romania,"","",312
US,California,Marin County,North Coast,313
New Zealand,Canterbury,"","",314
Spain,Central Spain,Tierra de Castilla,"",315
Argentina,Mendoza Province,Alto Valle de Uco,"",316
Greece,Mavrodaphne de Cephalonie,"","",317
Italy,Sicily & Sardinia,Eloro,"",318
US,New York,Finger Lakes,Finger Lakes,319
France,Burgundy,Nuits-St.-Georges,"",320
Moldova,Moldova,"","",321
Serbia,Pocerina,"","",322
France,Southwest France,Lot,"",323
Portugal,Transmontanas,"","",324
Romania,Murfatlar Cernavoda,"","",325
Spain,Northern Spain,Toro,"",326
US,California,Oakville,Napa,327
Spain,Spain Other,Vino de Mesa,"",328
France,Burgundy,Bonnes-Mares,"",329
US,Connecticut,Western Connecticut Highlands,"",330
Hungary,Felso-Magyarország,"","",331
US,California,Russian River Valley,Sonoma,332
Chile,Maule Valley,"","",333
New Zealand,Martinborough,"","",334
Italy,Sicily & Sardinia,Cannonau di Sardegna,"",335
Cyprus,Kathikas,"","",336
Austria,Südburgenland,"","",337
Italy,Southern Italy,Castel del Monte,"",338
Argentina,Other,Calchaquí Valley,"",339
US,California,San Benito County,Central Coast,340
France,Provence,Coteaux Varois,"",341
Uruguay,El Colorado,"","",342
France,Languedoc-Roussillon,Banyuls,"",343
Spain,Central Spain,Tierra Manchuela,"",344
France,France Other,Vin de Pays de la Méditerranée,"",345
Italy,Southern Italy,Donnici,"",346
Italy,Southern Italy,Puglia,"",347
Portugal,Port,"","",348
Argentina,Mendoza Province,La Consulta,"",349
France,Languedoc-Roussillon,Corbières-Boutenac,"",350
US,California,Happy Canyon of Santa Barbara,Central Coast,351
France,Loire Valley,Coteaux du Giennois,"",352
France,France Other,Ile de Beauté,"",353
France,Loire Valley,Côte Roannaise,"",354
Croatia,North Dalmatia,"","",355
Italy,Central Italy,Lambrusco di Modena,"",356
US,Michigan,Michigan,"",357
Morocco,Beni M'Tir,"","",358
Italy,Veneto,Amarone della Valpolicella Classico,"",359
South Africa,Western Cape,"","",360
France,Burgundy,Savigny-lès-Beaune,"",361
US,Washington,Columbia Gorge (WA),Washington Other,362
France,Burgundy,Gevrey-Chambertin,"",363
Italy,Southern Italy,Campania,"",364
Italy,Northeastern Italy,Venezia Giulia,"",365
Italy,Veneto,Amarone della Valpolicella,"",366
France,Languedoc-Roussillon,Faugères,"",367
Italy,Northeastern Italy,Garda Classico,"",368
US,California,Placer County,Sierra Foothills,369
Italy,Piedmont,Barbera d'Asti,"",370
Argentina,Mendoza Province,San Carlos,"",371
Italy,Northeastern Italy,Friuli Isonzo,"",372
France,Burgundy,Corton-Bressandes,"",373
Spain,Central Spain,Extremadura,"",374
US,California,Guenoc Valley,"",375
Italy,Sicily & Sardinia,Siracusa,"",376
Italy,Southern Italy,Salento,"",377
Italy,Northeastern Italy,Colli Orientali del Friuli,"",378
Greece,Corinth,"","",379
Spain,Northern Spain,Arribes del Duero,"",380
Australia,Australia Other,Australia-New Zealand,"",381
Australia,Western Australia,Margaret River,"",382
South Africa,Elgin,"","",383
Italy,Veneto,Veneto,"",384
France,Loire Valley,Rosé d'Anjou,"",385
Italy,Tuscany,Colli Etruria Centrale,"",386
Uruguay,Juanico,"","",387
US,California,Santa Margarita Ranch,Central Coast,388
Bulgaria,Sliven,"","",389
Italy,Sicily & Sardinia,Mamertino,"",390
France,Rhône Valley,Coteaux du Tricastin,"",391
France,Burgundy,Chassagne-Montrachet,"",392
France,Burgundy,Bourgogne,"",393
Italy,Piedmont,Dolcetto di Monferrato,"",394
Greece,Rapsani,"","",395
New Zealand,Moutere,"","",396
France,Loire Valley,Cheverny,"",397
France,Languedoc-Roussillon,Saint-Chinian-Roquebrun,"",398
Germany,Pfalz,"","",399
Spain,Catalonia,Penedès,"",400
Italy,Veneto,Prosecco,"",401
France,Burgundy,Auxey-Duresses,"",402
Spain,Spanish Islands,Vi de la Terra Mallorca,"",403
Italy,Piedmont,Colli Tortonesi,"",404
Bulgaria,Bulgaria,"","",405
Australia,South Australia,Lenswood,"",406
US,California,Napa Valley-Paso Robles,California Other,407
Italy,Southern Italy,Biferno Bianco,"",408
Spain,Levante,Jumilla,"",409
France,Loire Valley,Vouvray,"",410
France,Bordeaux,Bordeaux Rosé,"",411
Cyprus,Pitsilia Mountains,"","",412
US,California,Santa Barbara,Central Coast,413
Croatia,Croatia,"","",414
France,Loire Valley,Reuilly,"",415
South Africa,Simonsberg-Stellenbosch,"","",416
France,Provence,Var,"",417
US,California,Mendocino-Lake,North Coast,418
France,Southwest France,Gers,"",419
US,Ohio,Ohio River Valley,"",420
Argentina,Other,Pedernal Valley,"",421
Italy,Southern Italy,Tarantino,"",422
Italy,Veneto,Bardolino Chiaretto,"",423
France,Burgundy,Meursault,"",424
Italy,Central Italy,"","",425
France,Provence,Alpilles,"",426
France,Languedoc-Roussillon,Côtes du Roussillon Les Aspres,"",427
France,Burgundy,Macon-Verge,"",428
France,Bordeaux,Côtes de Bordeaux Francs,"",429
Chile,Aconcagua Costa,"","",430
Argentina,Other,Neuquén,"",431
Croatia,Kutjevo,"","",432
Spain,Central Spain,Vino da Mesa de Toledo,"",433
Portugal,Dão,"","",434
Austria,Neusiedlersee,"","",435
Italy,Veneto,Bardolino,"",436
France,Languedoc-Roussillon,Limoux,"",437
US,California,Central Valley,"",438
China,China,"","",439
Austria,Styria,"","",440
France,Burgundy,Mazis-Chambertin,"",441
Italy,Sicily & Sardinia,Malvasia delle Lipari,"",442
Israel,Ella Valley,"","",443
US,California,Jahant,Central Valley,444
South Africa,Philadelphia,"","",445
South Africa,Breede River Valley,"","",446
France,Languedoc-Roussillon,Aude,"",447
Argentina,Mendoza Province,Uco Valley,"",448
Chile,Peumo,"","",449
Spain,Northern Spain,Bizkaiko Txakolina,"",450
US,California,Monterey-Santa Cruz,Central Coast,451
France,Languedoc-Roussillon,Côtes du Roussillon Villages Tautavel,"",452
US,California,Cole Ranch,"",453
France,Loire Valley,Muscadet,"",454
Australia,South Australia,Barossa-Adelaide Hills,"",455
Italy,Northwestern Italy,Riviera Ligure di Ponente,"",456
Italy,Central Italy,Assisi,"",457
Spain,Galicia,Rías Baixas,"",458
Italy,Southern Italy,Salice Salentino,"",459
Italy,Central Italy,Emilia,"",460
Italy,Tuscany,Candia Dei Colli Apuani,"",461
US,California,Green Valley,Sonoma,462
Austria,Kremstal,"","",463
Canada,British Columbia,Similkameen Valley,"",464
Italy,Tuscany,Sant'Antimo,"",465
US,California,Saddle Rock-Malibu,South Coast,466
South Africa,Malgas,"","",467
France,Southwest France,Irrouléguy,"",468
Egypt,Egypt,"","",469
Argentina,Other,Buenos Aires,"",470
France,Rhône Valley,Clairette de Bellegarde,"",471
US,California,Yountville,Napa,472
Austria,Traisental,"","",473
US,California,Mokelumne River,Central Valley,474
Italy,Piedmont,Roero,"",475
France,Burgundy,Puligny-Montrachet,"",476
Argentina,Other,San Juan,"",477
France,France Other,Corse Porto Vecchio,"",478
Greece,Santorini,"","",479
France,Southwest France,Côtes de Bergerac,"",480
Portugal,Transmontano,"","",481
Australia,South Australia,Currency Creek-McLaren Vale,"",482
Argentina,Mendoza Province,Maipú,"",483
Italy,Central Italy,Colli Aprutini,"",484
South Africa,South Africa,"","",485
France,Burgundy,Mâcon-Chardonnay,"",486
South Africa,Cape Agulhas,"","",487
Canada,Ontario,Short Hills Bench,"",488
France,Burgundy,Corton-Pougets,"",489
US,California,Sonoma County-Santa Barbara County,California Other,490
Italy,Southern Italy,Coda di Volpe d'Irpinia,"",491
Italy,Central Italy,Abruzzo,"",492
Argentina,Mendoza Province,Perdriel,"",493
Australia,South Australia,Barossa Valley,"",494
US,Texas,Texas High Plains,"",495
Italy,Southern Italy,Aglianico del Taburno,"",496
Australia,Victoria,Mornington Peninsula,"",497
France,Bordeaux,Côtes de Bordeaux,"",498
Italy,Southern Italy,Beneventano,"",499
Spain,Central Spain,Castilla La Mancha,"",500
France,France Other,Chignin,"",501
Chile,Casablanca-Curicó Valley,"","",502
Italy,Italy Other,Vino da Tavola,"",503
Spain,Galicia,Ribeira Sacra,"",504
Switzerland,Switzerland,"","",505
Romania,Tarnave,"","",506
US,Washington,Puget Sound,Washington Other,507
Italy,Northeastern Italy,Garda,"",508
Argentina,Mendoza Province,Agrelo,"",509
US,California,Lake County-Mendocino County,"",510
Greece,Ismarikos,"","",511
France,Languedoc-Roussillon,Vin de Pays de la Haute Vallée de l’Aude,"",512
Spain,Central Spain,Dominio de Valdepusa,"",513
US,California,Lake County,Mendocino/Lake Counties,514
Italy,Veneto,Valdobbiadene Superiore di Cartizze,"",515
Italy,Sicily & Sardinia,Isola dei Nuraghi,"",516
Romania,Dealu Mare,"","",517
Italy,Veneto,Asolo Prosecco Superiore,"",518
France,Burgundy,Mâcon-Milly Lamartine,"",519
France,Languedoc-Roussillon,Aude Hauterive,"",520
France,France Other,Vin de Pays Vignobles de France,"",521
South Africa,Klein River,"","",522
Australia,South Australia,Padthaway,"",523
France,Beaujolais,Beaujolais Blanc,"",524
France,Loire Valley,Savennières,"",525
US,Arizona,Cochise County,"",526
US,California,Napa County-Sonoma County,Napa-Sonoma,527
Georgia,Georgia,"","",528
Argentina,Other,Zonda Valley,"",529
South Africa,Durbanville,"","",530
Australia,Australia Other,South Australia-Victoria,"",531
US,California,Los Carneros,Napa-Sonoma,532
Italy,Veneto,Piave,"",533
France,Burgundy,Volnay,"",534
US,California,San Luis Obispo County,Central Coast,535
US,California,Calistoga,Napa,536
France,Burgundy,Monthélie,"",537
France,Burgundy,St.-Romain,"",538
New Zealand,Gladstone,"","",539
Italy,Lombardy,Lugana,"",540
Slovenia,Brda,"","",541
US,Oregon,Yamhill-Carlton District,Willamette Valley,542
France,Bordeaux,Cérons,"",543
France,Provence,Côtes de Provence La Londe,"",544
Italy,Piedmont,"","",545
France,Burgundy,Vougeot,"",546
Italy,Southern Italy,Primitivo del Tarantino,"",547
France,Provence,"","",548
France,Beaujolais,St.-Amour,"",549
Italy,Northeastern Italy,Trento,"",550
US,North Carolina,North Carolina,"",551
Spain,Northern Spain,Bierzo,"",552
Argentina,Other,Río Negro Valley,"",553
Argentina,Mendoza Province,Valle de Uco,"",554
New Zealand,Waipara Valley,"","",555
Portugal,Moscatel de Setúbal,"","",556
Italy,Central Italy,Lago di Corbara,"",557
Australia,South Australia,Southern Fleurieu,"",558
France,France Other,Vin de Pays de France,"",559
Greece,Thessalikos,"","",560
South Africa,Polkadraai Hills,"","",561
US,California,Mendocino Ridge,"",562
Italy,Tuscany,Rosso di Montalcino,"",563
France,Bordeaux,Médoc,"",564
Portugal,Bucelas,"","",565
France,Beaujolais,Beaujolais-Leynes,"",566
Spain,Northern Spain,Cigales,"",567
Austria,Mittelburgenland,"","",568
Chile,Pirque,"","",569
US,California,Central Coast,Central Coast,570
Italy,Piedmont,Barbera d'Asti Superiore Nizza,"",571
Italy,Veneto,Valpolicella Classico,"",572
Japan,Kyoto,"","",573
South Africa,Jonkershoek Valley,"","",574
US,California,Ramona Valley,South Coast,575
US,California,Livermore Valley,Central Coast,576
France,Provence,Vin de Pays des Alpilles,"",577
France,Southwest France,Bergerac,"",578
France,Bordeaux,Bordeaux Clairet,"",579
France,Southwest France,"","",580
Italy,Sicily & Sardinia,Faro,"",581
US,California,Carneros,Napa-Sonoma,582
Spain,Catalonia,Cava,"",583
Australia,South Australia,Eden Valley,"",584
US,California,Monterey County,Central Coast,585
Italy,Piedmont,Moscato d'Asti,"",586
Italy,Piedmont,Monferrato,"",587
South Africa,Cederberg,"","",588
France,Bordeaux,Entre-Deux-Mers,"",589
Macedonia,Tikves,"","",590
Italy,Lombardy,Sebino,"",591
France,France Other,Atlantique,"",592
Greece,Vin de Pays de Macédoine,"","",593
Spain,Northern Spain,Arlanza,"",594
Australia,Western Australia,Mount Barker & Margaret River,"",595
Slovenia,Dolenjska,"","",596
France,Beaujolais,Beaujolais-Villages,"",597
Italy,Northeastern Italy,Friuli Grave,"",598
US,New York,Long Island,Long Island,599
France,Rhône Valley,Muscat de Beaumes de Venise,"",600
US,California,High Valley,"",601
Italy,Sicily & Sardinia,Contessa Entellina,"",602
France,Rhône Valley,Vin de Pays des Cévennes,"",603
US,Illinois,Illinois,"",604
France,Southwest France,Brulhois,"",605
South Africa,Piekenierskloof,"","",606
France,Bordeaux,Pessac-Léognan,"",607
France,Burgundy,Montagny,"",608
Greece,Krania Olympus,"","",609
Israel,Dan,"","",610
Israel,Negev,"","",611
US,California,Siskiyou County,California Other,612
US,California,Sonoma County,Sonoma,613
South Africa,Stellenbosch,"","",614
Australia,South Australia,McLaren Vale,"",615
Australia,Tasmania,Tasmania,"",616
France,Southwest France,Marcillac,"",617
Italy,Central Italy,Montepulciano d'Abruzzo,"",618
Italy,Tuscany,Maremma,"",619
France,Burgundy,Côtes de Nuits Villages,"",620
Italy,Southern Italy,Gioia del Colle,"",621
US,California,Lake County-Sonoma County,North Coast,622
France,France Other,Vin Pétillant,"",623
France,Bordeaux,Haut-Médoc,"",624
France,Bordeaux,Barsac,"",625
Italy,Southern Italy,Fiano di Avellino,"",626
Austria,Südoststeiermark,"","",627
Italy,Northeastern Italy,Isonzo del Friuli,"",628
Australia,New South Wales,Gundagai,"",629
Brazil,Pinto Bandeira,"","",630
France,Burgundy,Côte de Beaune,"",631
Australia,Victoria,Beechworth,"",632
Italy,Northeastern Italy,Del Veneto,"",633
Portugal,Douro,"","",634
France,Southwest France,Cahors,"",635
France,Burgundy,Coteaux Bourguignons,"",636
US,New Mexico,New Mexico,"",637
US,America,"","",638
New Zealand,East Coast,"","",639
Italy,Veneto,Valpolicella Valpantena Superiore,"",640
Italy,Northeastern Italy,Venezie,"",641
New Zealand,South Island,"","",642
France,Burgundy,Vin de Pays de Sainte-Marie la Blanche,"",643
France,Burgundy,Criots-Bâtard-Montrachet,"",644
US,California,Santa Lucia Highlands,Central Coast,645
Austria,Austria,"","",646
Italy,Central Italy,Trebbiano d'Abruzzo,"",647
Italy,Veneto,Soave Classico Superiore,"",648
Italy,Italy Other,"","",649
France,Burgundy,Corton-Rognet,"",650
Australia,South Australia,Henty,"",651
Italy,Central Italy,Orvieto,"",652
US,California,Clarksburg,Central Valley,653
Italy,Sicily & Sardinia,Valli di Porto Pino,"",654
US,California,Tehama County,California Other,655
France,Burgundy,Mâcon Solutré,"",656
Portugal,Vinho da Mesa,"","",657
France,Rhône Valley,Cévennes,"",658
US,New York,Lake Erie,Finger Lakes,659
Italy,Tuscany,Chianti Colli Fiorentini,"",660
Australia,Victoria,King Valley,"",661
Slovenia,Vipavska Dolina,"","",662
France,France Other,Roussette de Savoie,"",663
Italy,Central Italy,Montefalco Sagrantino,"",664
Italy,Tuscany,Bolgheri Sassicaia,"",665
Italy,Southern Italy,Moscato di Trani,"",666
Spain,Northern Spain,Tierra del Viños de Zamora,"",667
France,Beaujolais,Régnié,"",668
Chile,Rapel Valley-Casablanca Valley,"","",669
New Zealand,Eastern Bays,"","",670
Italy,Piedmont,Fara,"",671
Austria,Wachau,"","",672
France,Loire Valley,Menetou-Salon,"",673
Israel,Upper Galilee,"","",674
US,California,Carneros-Napa Valley,Napa,675
Italy,Northeastern Italy,Mitterberg,"",676
France,Bordeaux,Bordeaux,"",677
Spain,Central Spain,Valdepeñas,"",678
US,New York,New York,New York Other,679
Austria,Eisenberg,"","",680
US,California,Mount Veeder,Napa,681
France,France Other,Vin de Pays de l'Ile de Beauté,"",682
Greece,Ioannina,"","",683
Italy,Piedmont,Loazzolo,"",684
Italy,Lombardy,Montenetto di Brescia,"",685
Argentina,Mendoza Province,Tupungato,"",686
Czech Republic,Moravia,"","",687
France,Bordeaux,Sainte-Foy Bordeaux,"",688
Chile,Santa Cruz,"","",689
Spain,Spanish Islands,Lanzarote,"",690
South Africa,Olifants River,"","",691
US,California,Sonoma County-Monterey County-Napa County,California Other,692
US,Arizona,Sonoita,"",693
US,Oregon,Dundee Hills,Willamette Valley,694
France,Rhône Valley,Côtes du Rhône Villages,"",695
US,California,Templeton Gap District,Central Coast,696
Portugal,Minho,"","",697
Spain,Northern Spain,Calatayud,"",698
Austria,Thermenregion,"","",699
France,Loire Valley,Saumur,"",700
France,Beaujolais,Beaujolais Rosé,"",701
Italy,Veneto,Bardolino Classico,"",702
Greece,Chalkidiki,"","",703
Australia,Victoria,Central Victoria,"",704
France,Languedoc-Roussillon,Vin de Pays de Montferrand,"",705
Italy,Piedmont,Barbera d'Alba,"",706
Greece,Achaia,"","",707
US,California,Cienega Valley,Central Coast,708
New Zealand,Waiheke Island,"","",709
Italy,Southern Italy,Gravina,"",710
Croatia,Hvar,"","",711
US,California,Alexander Valley,Sonoma,712
France,Burgundy,Rully,"",713
Italy,Sicily & Sardinia,Sardinia,"",714
France,France Other,Corse,"",715
Moldova,Codru Region,"","",716
France,Burgundy,Mâcon-Verze,"",717
France,Burgundy,Clos de la Roche,"",718
Chile,Curicó Valley,"","",719
US,California,Cucamonga Valley,South Coast,720
US,Ohio,Ohio,"",721
US,California,Mendocino-Sonoma-Amador,California Other,722
Australia,South Australia,Clare Valley-Eden Valley,"",723
Italy,Tuscany,San Gimignano,"",724
US,California,Napa-Mendocino-Santa Clara Counties,North Coast,725
Portugal,Alentejano,"","",726
Spain,Levante,Yecla,"",727
Italy,Northeastern Italy,Friuli,"",728
Uruguay,Canelones,"","",729
Spain,Central Spain,Manchuela,"",730
Georgia,Kakheti,"","",731
Portugal,Beira Atlantico,"","",732
Italy,Southern Italy,Cirò,"",733
Italy,Veneto,Soave Colli Scaligeri,"",734
Italy,Sicily & Sardinia,Carignano del Sulcis,"",735
France,Languedoc-Roussillon,Terrasses du Larzac,"",736
Cyprus,Lemesos,"","",737
Italy,Tuscany,Vin Santo del Chianti Rufina,"",738
Spain,Levante,Alicante-Marina Alta,"",739
US,California,Sonoma Coast,Sonoma,740
Chile,Casablanca Valley,"","",741
Italy,Piedmont,Barbera d'Asti Superiore,"",742
Italy,Sicily & Sardinia,Vittoria Frappato,"",743
France,Southwest France,Gaillac,"",744
US,New Jersey,New Jersey,"",745
US,California,California-Oregon,"",746
US,Oregon,Columbia Valley (OR),Oregon Other,747
Italy,Sicily & Sardinia,Vittoria,"",748
France,Languedoc-Roussillon,Picpoul de Pinet,"",749
Uruguay,San Jose,"","",750
Canada,Canada Other,Quebec,"",751
US,California,Mendocino County,Mendocino/Lake Counties,752
US,California,Shenandoah Valley (CA),Sierra Foothills,753
France,Loire Valley,Chinon,"",754
US,California,Santa Cruz County,Central Coast,755
US,California,Potter Valley,Mendocino/Lake Counties,756
France,Beaujolais,Chénas,"",757
Spain,Andalucia,"","",758
Hungary,Pannon,"","",759
France,Bordeaux,Côtes de Bourg,"",760
Italy,Piedmont,Cortese di Gavi,"",761
Romania,Viile Timisului,"","",762
Italy,Northeastern Italy,Alto Adige Terlano,"",763
France,Burgundy,Chevalier-Montrachet,"",764
Greece,Cephalonia,"","",765
Italy,Central Italy,Lacrima di Morro d'Alba,"",766
Greece,Gerania,"","",767
Italy,Central Italy,Todi,"",768
Spain,Northern Spain,Emporadà-Costa Brava,"",769
Italy,Sicily & Sardinia,Cerasuolo di Vittoria Classico,"",770
Italy,Tuscany,Chardonnay di Toscana,"",771
Italy,Central Italy,Cerasuolo d'Abruzzo,"",772
France,Bordeaux,Lussac Saint-Émilion,"",773
Italy,Southern Italy,Molise,"",774
US,California,South Coast,"",775
Italy,Veneto,Breganze,"",776
France,Loire Valley,Saint-Nicolas-de-Bourgueil,"",777
France,Burgundy,La Romanée,"",778
US,Washington,Columbia Valley,"",779
US,California,Sonoma-Napa-Mendocino,North Coast,780
Argentina,Mendoza Province,Altos de Mendoza,"",781
Italy,Central Italy,Est! Est!! Est!!! di Montefiascone,"",782
US,California,Santa Cruz Mountains,Central Coast,783
Italy,Northeastern Italy,Vigneti delle Dolomiti,"",784
Italy,Lombardy,Provincia di Pavia,"",785
Australia,Australia Other,Central Ranges,"",786
Spain,Catalonia,Conca de Barberà,"",787
Italy,Sicily & Sardinia,Monica di Sardegna,"",788
Italy,Sicily & Sardinia,Moscato di Noto,"",789
France,Loire Valley,Touraine Mesland,"",790
US,California,Napa-Monterey-Mendocino,"",791
France,Rhône Valley,Clairette de Die Méthode Dioise Ancestrale,"",792
US,California,"","",793
US,California,Arroyo Grande Valley,Central Coast,794
France,Loire Valley,Crémant de Loire,"",795
US,California,Sonoma-Napa,Napa-Sonoma,796
Italy,Central Italy,Terre di Chieti,"",797
France,Bordeaux,Premieres Côtes de Bordeaux,"",798
France,Bordeaux,Francs Côtes de Bordeaux,"",799
Italy,Southern Italy,Galluccio,"",800
Croatia,Hrvatsko Primorje,"","",801
US,California,Lake County-Mendocino County,Mendocino/Lake Counties,802
France,Languedoc-Roussillon,Vin de Pays des Coteaux de Murviel,"",803
Italy,Southern Italy,Aglianico d'Irpinia,"",804
Greece,Corinthia,"","",805
Italy,Piedmont,Langhe,"",806
Italy,Veneto,Veneto Orientale,"",807
Austria,Donauland,"","",808
US,California,Cole Ranch,Mendocino/Lake Counties,809
France,Loire Valley,Montlouis-sur-Loire,"",810
Italy,Veneto,Prosecco di Valdobbiadene Superiore,"",811
Italy,Southern Italy,Falanghina del Molise,"",812
Italy,Central Italy,Conero Riserva,"",813
US,Rhode Island,Southeastern New England,"",814
US,California,Monterey County-Napa County,Central Coast,815
Australia,Victoria,Pyrenees,"",816
France,Languedoc-Roussillon,Vin de Pays des Côtes Catalanes,"",817
France,Burgundy,Chapelle-Chambertin,"",818
Greece,Mount Athos,"","",819
Italy,Lombardy,Pavia,"",820
Italy,Veneto,San Martino della Battaglia,"",821
Greece,Crete,"","",822
Italy,Lombardy,Sforzato di Valtellina,"",823
Italy,Southern Italy,Falanghina del Beneventano,"",824
France,Languedoc-Roussillon,Côtes de Thau,"",825
Germany,Württemberg,"","",826
Switzerland,Neuchâtel,"","",827
France,Languedoc-Roussillon,Vin de Pays de la Vallée de l’Aude,"",828
France,Rhône Valley,Tavel,"",829
Italy,Sicily & Sardinia,Etna,"",830
Italy,Sicily & Sardinia,Terre Siciliane,"",831
Lebanon,Bekaa Valley,"","",832
France,Southwest France,Pécharmant,"",833
US,California,Mount Harlan,Central Coast,834
Argentina,Other,Alto Valle del Río Negro,"",835
Turkey,Ankara,"","",836
Austria,South Styria,"","",837
France,Bordeaux,Bordeaux Supérieur,"",838
Australia,New South Wales,Hilltops,"",839
Australia,New South Wales,Orange,"",840
US,Texas,Texas,"",841
Italy,Central Italy,Montepulciano d'Abruzzo Colline Teramane,"",842
Chile,Sagrada Familia,"","",843
France,Burgundy,Montrachet,"",844
France,Languedoc-Roussillon,Vin de Pays de la Haute Vallée du Gassac,"",845
US-France,Santa Barbara County-Condrieu,"","",846
France,Bordeaux,Castillon Côtes de Bordeaux,"",847
US,New York,Hudson River Region,New York Other,848
Slovenia,Slovenia,"","",849
Chile,Casablanca & Leyda Valleys,"","",850
France,Burgundy,Saint-Bris,"",851
New Zealand,Wairau Valley,"","",852
France,Loire Valley,Châteaumeillant,"",853
US,California,San Lucas,Central Coast,854
Spain,Central Spain,Ribera del Guadiana,"",855
Israel,Judean Hills,"","",856
Spain,Levante,Alicante,"",857
US,California,Fiddletown,Sierra Foothills,858
US,Ohio,Grand River Valley,"",859
Italy,Northeastern Italy,Friuli Colli Orientali,"",860
Italy,Central Italy,Forlì,"",861
US,California,York Mountain,Central Coast,862
Portugal,Obidos,"","",863
Greece,Peza,"","",864
Albania,Mirditë,"","",865
France,Provence,Bandol,"",866
France,Alsace,Crémant d'Alsace,"",867
Spain,Northern Spain,Ribera del Duero,"",868
France,Bordeaux,Canon-Fronsac,"",869
Italy,Piedmont,Barbera del Monferrato,"",870
Chile,Colchagua Costa,"","",871
France,Rhône Valley,Lirac,"",872
Spain,Northern Spain,"","",873
Italy,Veneto,Custoza Superiore,"",874
France,France Other,Vin de Pays des Coteaux de L'Ardeche,"",875
US,California,Chalk Hill,Sonoma,876
Italy,Lombardy,Franciacorta,"",877
US,California,Carmel Valley,Central Coast,878
France,Beaujolais,Moulin-à-Vent,"",879
US,Washington,Lake Chelan,Columbia Valley,880
Greece,Imathia,"","",881
Spain,Catalonia,Pla de Bages,"",882
Israel,Haut-Judeé,"","",883
Brazil,Brazil,"","",884
Brazil,Serra do Sudeste,"","",885
Germany,Rhein-Mosel,"","",886
US,California,Napa-Amador,California Other,887
New Zealand,Marlborough & Hawkes Bay,"","",888
France,Beaujolais,Saint-Amour,"",889
Italy,Tuscany,Cortona,"",890
France,Burgundy,Ladoix,"",891
Italy,Tuscany,Alta Valle della Greve,"",892
France,Southwest France,Côtes du Tarn,"",893
France,Burgundy,Côte de Nuits-Villages,"",894
Italy,Central Italy,Verdicchio dei Castelli di Jesi,"",895
Italy,Tuscany,Tuscany,"",896
US,California,Solano County Green Valley,North Coast,897
US,California,Santa Clara County,Central Coast,898
US,Washington,Chelan County,Washington Other,899
US,California,Amador-Napa,California Other,900
Italy,Veneto,Monti Lessini,"",901
Italy,Southern Italy,Savuto,"",902
France,France Other,Moselle VDQS,"",903
US,California,Anderson Valley,"",904
Italy,Tuscany,Bolgheri,"",905
Italy,Central Italy,Colli Bolognesi,"",906
Greece,Nemea,"","",907
Portugal,Algarve,"","",908
Italy,Central Italy,Sangiovese di Romagna,"",909
France,Loire Valley,Coteaux du Layon Saint Aubin,"",910
Italy,Lombardy,Oltrepò Pavese,"",911
Italy,Tuscany,Vin Santo del Chianti Classico,"",912
Greece,Monemvasia,"","",913
Australia,Western Australia,Geographe,"",914
France,Languedoc-Roussillon,Coteaux du Languedoc,"",915
France,France Other,Vin de Table Francais,"",916
France,Burgundy,Pommard,"",917
Tunisia,Tunisia,"","",918
US,California,Red Hills Lake County,Mendocino/Lake Counties,919
France,Southwest France,Landes,"",920
Australia,South Australia,Currency Creek,"",921
Portugal,Beiras,"","",922
Chile,Limarí Valley,"","",923
Spain,Northern Spain,Navarra,"",924
Australia,New South Wales,Darlington Point,"",925
Australia,South Australia,Adelaide Plains,"",926
France,Burgundy,Maranges,"",927
France,Loire Valley,Pays de Loire,"",928
US,California,McDowell Valley,"",929
France,Beaujolais,Brouilly,"",930
Italy,Sicily & Sardinia,Cerasuolo di Vittoria,"",931
Australia,South Australia,Clare Valley,"",932
France,Languedoc-Roussillon,Minervois,"",933
US,Colorado,Grand Valley,"",934
US,California,Alta Mesa,Central Valley,935
France,Bordeaux,Crémant de Bordeaux,"",936
US,California,Monterey County-Napa County-Sonoma County,California Other,937
Hungary,Sopron,"","",938
Greece,Zitsa,"","",939
Armenia,Armenia,"","",940
US,Washington,Horse Heaven Hills,Columbia Valley,941
Italy,Italy Other,Italy,"",942
Croatia,Istria,"","",943
Italy,Northeastern Italy,Friuli Aquileia,"",944
Greece,Arcadia,"","",945
Italy,Central Italy,Colli di Faenza,"",946
France,Southwest France,Vin de Pays des Côtes de Gascogne,"",947
Australia,Victoria,Strathbogie Ranges-Mornington Peninsula,"",948
Italy,Central Italy,Colli di Rimini,"",949
France,Rhône Valley,Crémant de Die,"",950
Italy,Piedmont,Barbaresco,"",951
New Zealand,Marlborough,"","",952
US,Michigan,Lake Michigan Shore,"",953
Italy,Southern Italy,Terra degli Osci,"",954
Italy,Southern Italy,Lacryma Christi del Vesuvio,"",955
Italy,Piedmont,Dogliani,"",956
Italy,Central Italy,Verdicchio dei Castelli di Jesi Classico Superiore,"",957
Chile,Puente Alto,"","",958
Greece,Central Greece,"","",959
Italy,Tuscany,Colline Lucchesi,"",960
US,California,Ventura County,Central Coast,961
Chile,Maipo Valley-Colchagua Valley,"","",962
France,Languedoc-Roussillon,Cabardes,"",963
Italy,Tuscany,Aleatico dell'Elba,"",964
France,Bordeaux,Listrac,"",965
Greece,Opuntia Locris,"","",966
France,Southwest France,Madiran,"",967
Australia,South Australia,Clarendon,"",968
France,Bordeaux,Fronsac,"",969
Italy,Central Italy,Offida Pecorino,"",970
Hungary,Villány,"","",971
Italy,Veneto,Valpolicella Ripasso Valpantena,"",972
Italy,Southern Italy,Asprinio di Aversa,"",973
US,California,Tuolumne County,Sierra Foothills,974
South Africa,Simonsberg-Paarl,"","",975
Italy,Southern Italy,Biferno Rosso,"",976
Italy,Veneto,Montello e Colli Asolani,"",977
Italy,Tuscany,Chianti Montalbano,"",978
Portugal,Alentejo,"","",979
Italy,Southern Italy,Galatina,"",980
France,Burgundy,Bourgogne Aligoté,"",981
France,Burgundy,Grands-Echezeaux,"",982
US,California,Napa County-Sonoma County-San Joaquin County,California Other,983
France,Southwest France,Côtes de Montravel,"",984
Spain,Northern Spain,Vino de la Tierra Ribera del Jiloca,"",985
Italy,Northeastern Italy,Alto Adige,"",986
France,Bordeaux,Pomerol,"",987
Italy,Sicily & Sardinia,Contea di Sclafani,"",988
Italy,Sicily & Sardinia,Alcamo,"",989
France,Rhône Valley,Rasteau,"",990
Italy,Piedmont,Gavi di Gavi,"",991
Slovenia,Primorska,"","",992
France,Southwest France,Gaillac Doux,"",993
France,Burgundy,Corton Les Renardes,"",994
Greece,Pisatis,"","",995
France,Loire Valley,Blanc Fumé de Pouilly,"",996
Romania,Sebes,"","",997
US,California,Napa-Sonoma,Napa-Sonoma,998
Italy,Piedmont,Monferrato Bianco,"",999
US,Washington,Columbia Valley (WA),Columbia Valley,1000
Austria,Burgenland,"","",1001
Israel,Shomron,"","",1002
US,Virginia,Middleburg,"",1003
France,Languedoc-Roussillon,Côtes du Roussillon,"",1004
France,Burgundy,Bourgogne Epineuil,"",1005
Morocco,Zenata,"","",1006
US,California,Malibu-Newton Canyon,South Coast,1007
US,Missouri,Augusta,"",1008
Italy,Sicily & Sardinia,Alghero,"",1009
Canada,Ontario,Lake Erie North Shore,"",1010
France,Languedoc-Roussillon,Vin de Pays de L'Aude,"",1011
US,California,Chalone,Central Coast,1012
France,Loire Valley,Savennières-Roche-Aux-Moines,"",1013
Italy,Tuscany,Chianti Colli Pisani,"",1014
Slovenia,Kras,"","",1015
Serbia,Župa,"","",1016
France,Loire Valley,Quarts de Chaume,"",1017
Argentina,Other,Famatina Valley,"",1018
Italy,Central Italy,Controguerra,"",1019
Australia,South Australia,Barossa-Langhorne Creek,"",1020
US,California,San Luis Obispo-Sonoma-Monterey,California Other,1021
France,Burgundy,Corton Les Lolières,"",1022
New Zealand,Central Otago-Marlborough,"","",1023
France,Burgundy,Mercurey,"",1024
France,Southwest France,Côtes de Gascogne,"",1025
Italy,Sicily & Sardinia,Vermentino di Sardegna,"",1026
Chile,Requinoa,"","",1027
Australia,South Australia,Clare Valley-Coonawarra,"",1028
South Africa,Ceres Plateau,"","",1029
US,Idaho,Idaho,"",1030
US,California,Diamond Mountain District,Napa,1031
US,Michigan,Old Mission Peninsula,"",1032
Chile,San Antonio,"","",1033
Italy,Central Italy,Montefalco Rosso,"",1034
France,Languedoc-Roussillon,Vin de Pays du Val de Cesse,"",1035
Italy,Tuscany,Vin Santo del Chianti,"",1036
Cyprus,Cyprus,"","",1037
Australia,South Australia,Riverland,"",1038
Romania,Panciu,"","",1039
France,Southwest France,Saussignac,"",1040
Argentina,Other,Argentina,"",1041
US,California,Ballard Canyon,Central Coast,1042
Italy,Veneto,Prosecco Superiore di Cartizze,"",1043
Italy,Southern Italy,Greco di Tufo,"",1044
Greece,Muscat of Patras,"","",1045
France,Southwest France,Comté Toulosan,"",1046
Italy,Southern Italy,Apulia,"",1047
Australia,Victoria,Alpine Valleys,"",1048
Spain,Spanish Islands,"","",1049
Spain,Northern Spain,Pago de Arínzano,"",1050
France,Languedoc-Roussillon,Languedoc,"",1051
France,Burgundy,Chablis,"",1052
France,Bordeaux,Premieres Côtes de Blaye,"",1053
Israel,Israel,"","",1054
France,France Other,Patrimonio,"",1055
France,Loire Valley,Touraine,"",1056
France,Rhône Valley,Clairette de Die,"",1057
Italy,Lombardy,Terrazze Retiche di Sondrio,"",1058
US,California,Mendocino-Amador-Napa,California Other,1059
Italy,Tuscany,Maremma Toscana,"",1060
France,Provence,Côtes de Provence Sainte-Victoire,"",1061
France,Rhône Valley,Condrieu,"",1062
Spain,Catalonia,Terra Alta,"",1063
France,Bordeaux,Listrac-Médoc,"",1064
France,Burgundy,Bourgogne Hautes Côtes de Beaune,"",1065
Italy,Veneto,Recioto della Valpolicella,"",1066
France,Rhône Valley,Ardèche,"",1067
France,Loire Valley,Savennières-Coulée de Serrant,"",1068
France,France Other,Charentais,"",1069
Portugal,Ribatejo,"","",1070
Italy,Southern Italy,Taburno,"",1071
Chile,Loncomilla Valley,"","",1072
US,Arizona,Arizona,"",1073
France,Languedoc-Roussillon,Gard,"",1074
US,California,Potter Valley,"",1075
Italy,Central Italy,Offida Rosso,"",1076
France,Loire Valley,Saumur-Champigny,"",1077
Italy,Veneto,Amarone della Valpolicella Valpantena,"",1078
Italy,Southern Italy,Rosso del Salento,"",1079
US,California,Sonoma County-San Joaquin County,California Other,1080
France,Burgundy,Bourgogne Vézelay,"",1081
US,Washington,Red Mountain,Columbia Valley,1082
France,Burgundy,Saint-Véran,"",1083
France,Burgundy,Crémant de Bourgogne,"",1084
France,Burgundy,Saint-Aubin,"",1085
France,Loire Valley,Muscadet Sèvre et Maine,"",1086
France,Languedoc-Roussillon,Minervois La Liviniere,"",1087
Chile,Marchigue,"","",1088
France,Loire Valley,Muscadet Côtes de Grandlieu,"",1089
Italy,Tuscany,Chianti Colli Aretini,"",1090
Spain,Northern Spain,Vino Tierra de León,"",1091
US,California,Napa-Sonoma-Monterey,North Coast,1092
France,Languedoc-Roussillon,Vin de Pays de Hauterive,"",1093
US,California,Oak Knoll District,Napa,1094
France,Burgundy,Corton,"",1095
France,France Other,France,"",1096
US,Idaho,"","",1097
Italy,Central Italy,Romagna,"",1098
US,Virginia,Shenandoah Valley,"",1099
New Zealand,Wairarapa,"","",1100
Italy,Tuscany,Pomino,"",1101
Australia,South Australia,"","",1102
France,Loire Valley,Cabernet de Saumur,"",1103
US,Hawaii,Hawaii,"",1104
Portugal,Torres Vedras,"","",1105
Bulgaria,Targovishte,"","",1106
US,California,Mendocino County,"",1107
US,Oregon,Southern Oregon,Southern Oregon,1108
Italy,Central Italy,Lambrusco Reggiano,"",1109
Bulgaria,Black Sea Coastal,"","",1110
US,California,Chiles Valley,Napa,1111
France,Rhône Valley,Côtes du Luberon,"",1112
US,California,Dry Creek Valley,Sonoma,1113
US,Oregon,Rogue Valley,Southern Oregon,1114
France,Southwest France,Bergerac Sec,"",1115
Italy,Sicily & Sardinia,Marsala,"",1116
France,Languedoc-Roussillon,Fitou,"",1117
Chile,Malleco,"","",1118
Brazil,Campanha,"","",1119
Portugal,Moscatel do Douro,"","",1120
Greece,Samos,"","",1121
Italy,Piedmont,Ghemme,"",1122
Moldova,Cahul,"","",1123
Greece,Thraki,"","",1124
US,California,North Yuba,Sierra Foothills,1125
Greece,Aigialias Slopes,"","",1126
Switzerland,Ticino,"","",1127
Italy,Central Italy,Gutturnio Classico Superiore,"",1128
Australia,Victoria,Bellarine Peninsula,"",1129
France,Bordeaux,Pauillac,"",1130
Greece,Naoussa,"","",1131
South Africa,Paarl,"","",1132
US,California,Mendocino Ridge,Mendocino/Lake Counties,1133
Australia,South Australia,Wrattonbully,"",1134
Italy,Veneto,Recioto di Soave Classico,"",1135
Portugal,Douro Superior,"","",1136
France,Rhône Valley,Cornas,"",1137
US,California,Mendocino,Mendocino/Lake Counties,1138
Australia,South Australia,Adelaide,"",1139
France,Rhône Valley,Ventoux,"",1140
US,California,Solano County,North Coast,1141
Italy,Tuscany,Val di Cornia Suvereto,"",1142
Germany,Ahr,"","",1143
Slovenia,Štajerska,"","",1144
Greece,Markopoulo,"","",1145
Romania,Vânju Mare,"","",1146
Austria,Österreichischer Perlwein,"","",1147
France,Southwest France,Côtes de Frontonnais,"",1148
Greece,Epanomi,"","",1149
Brazil,Vale Trentino,"","",1150
France,Bordeaux,Bordeaux Côtes de Francs,"",1151
US,California,Napa County-Sonoma County-Lake County,North Coast,1152
France,Burgundy,Meursault-Blagny,"",1153
Canada,Ontario,Prince Edward County,"",1154
Italy,Central Italy,Olevano Romano,"",1155
France,Bordeaux,Saint-Émilion,"",1156
US,Virginia,Monticello,"",1157
France,Burgundy,Echézeaux,"",1158
Spain,Central Spain,Mentrida,"",1159
Austria,Neusiedlersee-Hügelland,"","",1160
Portugal,Estremadura,"","",1161
France,Burgundy,Pouilly-Vinzelles,"",1162
France,Burgundy,Bourgogne Gamay,"",1163
France,Burgundy,Macon-Bussières,"",1164
Australia,Victoria,Yarra Valley-Heathcote,"",1165
France,Burgundy,Côte de Beaune-Villages,"",1166
France,Southwest France,Vin de Pays du Comté Tolosan,"",1167
Italy,Lombardy,Lugana Superiore,"",1168
France,Burgundy,Beaune,"",1169
France,Burgundy,Saint-Romain,"",1170
France,Loire Valley,Anjou,"",1171
US,California,San Francisco Bay,Central Coast,1172
France,Burgundy,Mâcon-Pierreclos,"",1173
US,California,Rutherford,Napa,1174
France,Southwest France,Pacherenc du Vic Bilh,"",1175
Italy,Veneto,Veronese,"",1176
Italy,Tuscany,Montecucco,"",1177
France,Loire Valley,Coteaux du Vendômois,"",1178
South Africa,Overberg,"","",1179
France,Languedoc-Roussillon,"","",1180
US,Washington,Rattlesnake Hills,Columbia Valley,1181
Italy,Southern Italy,Taurasi,"",1182
Portugal,Tejo,"","",1183
Spain,Levante,Utiel-Requena,"",1184
Mexico,Valle de Guadalupe,"","",1185
Italy,Lombardy,Valtellina Superiore,"",1186
France,Southwest France,Saint-Mont,"",1187
France,Burgundy,Marsannay,"",1188
Italy,Tuscany,Chianti Superiore,"",1189
France,Burgundy,Mâcon-Loché,"",1190
Italy,Veneto,Valpolicella Ripasso Classico,"",1191
South Africa,Tradouw,"","",1192
South Africa,Bot River,"","",1193
Italy,Central Italy,Frascati,"",1194
US,California,Napa-Sonoma-Lake,North Coast,1195
Australia,South Australia,Southern Flinders Ranges,"",1196
Italy,Southern Italy,Val di Neto,"",1197
Austria,Österreichischer Sekt,"","",1198
US,California,Madera,Central Valley,1199
Spain,Northern Spain,Empordà,"",1200
Italy,Tuscany,Barco Reale di Carmignano,"",1201
France,Loire Valley,Coteaux du Layon La Faye,"",1202
US,California,El Dorado,Sierra Foothills,1203
Australia,South Australia,Coonawarra,"",1204
France,Beaujolais,Chiroubles,"",1205
France,Beaujolais,Morgon,"",1206
France,Rhône Valley,Gigondas,"",1207
France,Loire Valley,Pouilly-sur-Loire,"",1208
US,Michigan,Leelanau Peninsula,"",1209
France,Bordeaux,Puisseguin Saint-Émilion,"",1210
Switzerland,Valais,"","",1211
Italy,Northeastern Italy,Alto Adige Valle Isarco,"",1212
US,California,El Pomar District,Central Coast,1213
US,Virginia,Virginia's Eastern Shore,"",1214
France,France Other,Savoie,"",1215
Croatia,Peljesac,"","",1216
Italy,Lombardy,Lombardy,"",1217
Romania,Terasele Dunarii,"","",1218
South Africa,Cape Peninsula,"","",1219
Italy,Southern Italy,Campi Flegrei,"",1220
France,Loire Valley,Vin de Pays du Jardin de la France,"",1221
Mexico,San Antonio de las Minas Valley,"","",1222
US,California,St. Helena,Napa,1223
Italy,Piedmont,Dolcetto d'Alba,"",1224
US,California,Tehema Foothills,Sierra Foothills,1225
US,California,Red Hills Lake County,"",1226
Australia,New South Wales,New South Wales,"",1227
Chile,Buin,"","",1228
France,Burgundy,Latricières-Chambertin,"",1229
US,California,Stanislaus County,Central Valley,1230
Australia,Victoria,Geelong,"",1231
South Africa,Coastal Region,"","",1232
Serbia,Fruška Gora,"","",1233
Italy,Northeastern Italy,Colli Trevigiani,"",1234
Italy,Piedmont,Barbera del Monferrato Superiore,"",1235
France,France Other,Côtes du Jura,"",1236
Italy,Southern Italy,Roccamonfina,"",1237
Portugal,Trás-os-Montes,"","",1238
Italy,Veneto,Gambellara Classico,"",1239
Italy,Northeastern Italy,Teroldego Rotaliano,"",1240
Greece,Sterea Ellada,"","",1241
Argentina,Mendoza Province,Mendoza,"",1242
US,California,Mendocino,"",1243
Italy,Tuscany,Colli della Toscana Centrale,"",1244
South Africa,Lutzville Valley,"","",1245
US,California,Sonoma-Napa-Monterey,California Other,1246
France,Champagne,Coteaux Champenois,"",1247
Spain,Andalucia,Málaga,"",1248
US,California,Malibu Coast,South Coast,1249
Australia,South Australia,Barossa Valley-Clare Valley,"",1250
Italy,Southern Italy,Sant' Agata dei Goti,"",1251
Spain,Central Spain,Uclés,"",1252
South Africa,Hemel en Aarde,"","",1253
Croatia,Korčula,"","",1254
Greece,Agioritikos,"","",1255
Italy,Piedmont,Asti,"",1256
France,Languedoc-Roussillon,Vin de Pays d'Oc,"",1257
Austria,Vienna,"","",1258
France,France Other,Vin de Pays des Portes de Méditerranée,"",1259
Italy,Central Italy,Colline Pescaresi,"",1260
Chile,Leyda Valley-Maipo Valley,"","",1261
US,California,Moon Mountain District Sonoma County,Sonoma,1262
France,Burgundy,Charmes-Chambertin,"",1263
France,France Other,Château-Chalon,"",1264
Australia,Western Australia,Great Southern,"",1265
Spain,Andalucia,Jerez,"",1266
Italy,Southern Italy,Irpinia,"",1267
US,California,Anderson Valley,Mendocino/Lake Counties,1268
Italy,Veneto,Valdobbiadene Prosecco Superiore,"",1269
Spain,Andalucia,Montilla-Moriles,"",1270
US,California,Fair Play,Sierra Foothills,1271
France,Provence,Vin de Pays des Maures,"",1272
France,Burgundy,Bourgogne Côtes d’Auxerre,"",1273
Spain,Andalucia,Manzanilla-Sanlúcar de Barrameda,"",1274
US,Oregon,Oregon Other,"",1275
Italy,Veneto,Conegliano Valdobbiadene Prosecco Superiore,"",1276
England,England,"","",1277
France,Southwest France,Côtes du Marmandais,"",1278
Argentina,Mendoza Province,"","",1279
Italy,Tuscany,Vernaccia di San Gimignano,"",1280
US,Oregon,Umpqua Valley,Southern Oregon,1281
Germany,Mosel,"","",1282
Germany,Mosel-Saar-Ruwer,"","",1283
New Zealand,Awatere Valley,"","",1284
Portugal,Terras da Beira,"","",1285
France,Burgundy,Mâcon,"",1286
France,Rhône Valley,Beaumes-de-Venise,"",1287
US,Oregon,McMinnville,Willamette Valley,1288
US,California,Sierra Foothills,Sierra Foothills,1289
France,Bordeaux,Lalande de Pomerol,"",1290
Italy,Central Italy,Civitella d'Agliano,"",1291
France,Burgundy,Viré-Clessé,"",1292
Italy,Piedmont,Dogliani Superiore,"",1293
Canada,British Columbia,British Columbia,"",1294
France,Burgundy,Musigny,"",1295
Italy,Central Italy,Colli Pesaresi,"",1296
Italy,Piedmont,Dolcetto d'Alba Superiore,"",1297
Italy,Veneto,Prosecco di Conegliano,"",1298
Portugal,Vinho Verde,"","",1299
France,Burgundy,Pouilly-Fuissé,"",1300
France,Provence,Coteaux Varois en Provence,"",1301
New Zealand,Central Otago,"","",1302
Germany,Rheingau,"","",1303
Hungary,Eger,"","",1304
France,Burgundy,Bâtard-Montrachet,"",1305
Italy,Veneto,Valdadige,"",1306
France,Loire Valley,Anjou Villages,"",1307
Italy,Veneto,Colli di Conegliano,"",1308
France,Burgundy,Mâcon-Villages,"",1309
US,New York,Cayuga Lake,Finger Lakes,1310
US,Virginia,Virginia,"",1311
Portugal,Vinho Espumante de Qualidade,"","",1312
Australia,Victoria,Bendigo,"",1313
Italy,Central Italy,Colli Piacentini,"",1314
France,Languedoc-Roussillon,Vin de Pays de L'Herault,"",1315
Italy,Southern Italy,Cirò Classico,"",1316
Canada,Ontario,St. David's Bench,"",1317
US,California,River Junction,Central Valley,1318
France,Burgundy,Mâcon-Péronne,"",1319
Croatia,Podunavlje,"","",1320
US,California,Napa County-Lake County,North Coast,1321
South Korea,Jiri Valley,"","",1322
France,Burgundy,Givry,"",1323
Greece,Korinthia,"","",1324
Turkey,Urla-Thrace,"","",1325
Argentina,Other,Catamarca,"",1326
Spain,Northern Spain,Vino de la Tierra de Zamora,"",1327
US,California,Paso Robles,Central Coast,1328
US,California,Temecula,South Coast,1329
Austria,Wagram-Donauland,"","",1330
France,Loire Valley,Anjou Villages Brissac,"",1331
Italy,Tuscany,Rosso di Toscana,"",1332
Italy,Veneto,Prosecco Treviso,"",1333
France,Languedoc-Roussillon,Vin de Pays Cité de Carcassonne,"",1334
Argentina,Mendoza Province,Vista Flores,"",1335
US,California,Sonoma County-Monterey County-Santa Barbara County,California Other,1336
Italy,Veneto,Colli Euganei,"",1337
Portugal,Vinho Licoroso,"","",1338
Moldova,Chisinau County,"","",1339
US,Texas,Texoma,"",1340
US,Oregon,Eola-Amity Hills,Willamette Valley,1341
New Zealand,Gisborne,"","",1342
US,California,Antelope Valley of the California High Desert,South Coast,1343
Chile,Molina,"","",1344
US,California,Napa-Carneros,Napa,1345
US,California,Sonoma-Mendocino,North Coast,1346
Italy,Veneto,Bianco di Custoza,"",1347
US,California,Santa Maria Valley,Central Coast,1348
Australia,South Australia,South Australia,"",1349
Italy,Veneto,Soave,"",1350
Italy,Piedmont,Barbera d'Alba Superiore,"",1351
France,Burgundy,Morey-Saint-Denis,"",1352
US,California,Napa-Sonoma,North Coast,1353
Spain,Central Spain,Sierra de Salamanca,"",1354
Spain,Catalonia,Alella,"",1355
Luxembourg,Moselle Luxembourgeoise,"","",1356
US,California,High Valley,Mendocino/Lake Counties,1357
South Africa,Constantia,"","",1358
Lithuania,Lithuania,"","",1359
Greece,Patras,"","",1360
US,California,California,California Other,1361
Italy,Tuscany,Brunello di Montalcino,"",1362
Spain,Spain Other,Spain,"",1363
Austria,Wiener Gemischter Satz,"","",1364
US,Washington,Naches Heights,Columbia Valley,1365
Spain,Central Spain,Vinos de Madrid,"",1366
Italy,Piedmont,Erbaluce di Caluso,"",1367
France,Burgundy,Romanée-St.-Vivant,"",1368
France,Burgundy,La Grande Rue,"",1369
Bulgaria,Danube Hills Valley,"","",1370
Australia,South Australia,McLaren Vale-Langhorne Creek,"",1371
France,Bordeaux,Sauternes,"",1372
France,Bordeaux,Cadillac,"",1373
France,Burgundy,Corton-Charlemagne,"",1374
US,California,Clements Hills,Central Valley,1375
Spain,Andalucia,Vino de la Tierra Contraviesa Alpujarra,"",1376
South Africa,Elim,"","",1377
Portugal,Table wine,"","",1378
US,California,Capay Valley,Central Valley,1379
France,Languedoc-Roussillon,Côtes Catalanes,"",1380
Spain,Northern Spain,Cariñena,"",1381
US,California,San Pasqual,South Coast,1382
Italy,Central Italy,Montepulciano d'Abruzzo Cerasuolo,"",1383
Mexico,San Vicente,"","",1384
Austria,Weinland Österreich,"","",1385
Portugal,Terras do Sado,"","",1386
Brazil,Santa Catarina,"","",1387
France,Languedoc-Roussillon,Grand Roussillon,"",1388
Canada,British Columbia,Okanagan Valley,"",1389
France,Southwest France,Périgord,"",1390
Portugal,Ribatejano,"","",1391
France,Loire Valley,Coteaux d'Ancenis,"",1392
US,California,Clear Lake,Mendocino/Lake Counties,1393
Austria,Steiermark,"","",1394
Italy,Central Italy,Lambrusco Grasparossa di Castelvetro,"",1395
Turkey,Elazığ-Diyarbakir,"","",1396
France,Burgundy,Bienvenues Bâtard-Montrachet,"",1397
New Zealand,Ohiti Valley,"","",1398
Romania,Viile Carasului,"","",1399
France,France Other,Vin de France,"",1400
US,Washington,Snipes Mountain,Columbia Valley,1401
Spain,Central Spain,Madrid,"",1402
Greece,Limnos,"","",1403
Italy,Central Italy,Montefalco,"",1404
New Zealand,North Island,"","",1405
France,Burgundy,Bourgogne Grand Ordinaire,"",1406
Argentina,Other,Salta,"",1407
Italy,Piedmont,Roero Arneis,"",1408
Italy,Lombardy,Terre di Franciacorta,"",1409
Spain,Northern Spain,Vino de la Tierra Ribera del Gállego-Cinco Villas,"",1410
France,Burgundy,Mâcon-Mancey,"",1411
Portugal,Península de Setúbal,"","",1412
US,Oregon,Applegate Valley,Southern Oregon,1413
Canada,Ontario,Niagara Peninsula,"",1414
Portugal,Portuguese Table Wine,"","",1415
Turkey,Aegean,"","",1416
Austria,Leithaberg,"","",1417
France,Burgundy,Chambertin,"",1418
US,Ohio,Isle St. George,"",1419
Italy,Piedmont,Carema,"",1420
Turkey,Cappadocia,"","",1421
US,California,Mendocino-Lake County-Napa,North Coast,1422
US,Oregon,Walla Walla Valley (OR),Oregon Other,1423
Bulgaria,Thracian Valley,"","",1424
Spain,Northern Spain,Rueda,"",1425
Spain,Central Spain,Vino de la Tierra de Castilla,"",1426
Greece,Peloponnese,"","",1427
France,Burgundy,Corton Grèves,"",1428
Australia,New South Wales,Mudgee,"",1429
Australia,New South Wales,Riverina,"",1430
Romania,Viile Timis,"","",1431
Italy,Central Italy,Colline Teramane,"",1432
Montenegro,Lake Skadar Valley,"","",1433
US,Washington,Yakima Valley,Columbia Valley,1434
Italy,Central Italy,Torgiano Rosso Riserva,"",1435
Italy,Veneto,Soave Superiore,"",1436
France,Southwest France,Monbazillac,"",1437
Argentina,Other,Aminga Valley,"",1438
Italy,Veneto,Recioto della Valpolicella Valpantena,"",1439
Italy,Sicily & Sardinia,Moscato di Pantelleria,"",1440
Germany,Nahe,"","",1441
Italy,Veneto,Prosecco di Conegliano e Valdobbiadene,"",1442
Italy,Central Italy,Colli Perugini,"",1443
South Africa,Tulbagh,"","",1444
Italy,Veneto,Recioto di Soave,"",1445
Romania,Dealurile Munteniei,"","",1446
US,California,Sonoma,Sonoma,1447
US,California,Sonoma-Santa Barbara-Mendocino,California Other,1448
Italy,Southern Italy,Catalanesca del Monte Somma,"",1449
US,California,Contra Costa County,Central Coast,1450
Australia,South Australia,Limestone Coast,"",1451
Greece,Beotia,"","",1452
Spain,Galicia,Monterrei,"",1453
France,Burgundy,Mâcon-Vergisson,"",1454
Italy,Southern Italy,Ischia,"",1455
France,Languedoc-Roussillon,Muscat de Saint-Jean de Minervois,"",1456
Australia,Queensland,Granite Belt,"",1457
France,Languedoc-Roussillon,Collioure,"",1458
France,Bordeaux,Cadillac Côtes de Bordeaux,"",1459
France,France Other,Mediterranée,"",1460
France,Burgundy,Chorey-lès-Beaune,"",1461
Italy,Tuscany,Chianti Colli Senesi,"",1462
Italy,Central Italy,Falerio,"",1463
Australia,Victoria,Nagambie Lakes,"",1464
Portugal,Duriense,"","",1465
Chile,Coelemu,"","",1466
Greece,Pageon,"","",1467
Italy,Northeastern Italy,Benaco Bresciano,"",1468
Romania,Plaiurile Drancei,"","",1469
South Africa,Franschhoek,"","",1470
Italy,Tuscany,Chianti Rufina,"",1471
Greece,Halkidiki,"","",1472
France,France Other,Crémant de Jura,"",1473
France,Southwest France,Côtes de Saint-Mont,"",1474
US,Virginia,Albemarle County,"",1475
Chile,Elqui Valley,"","",1476
Italy,Lombardy,Valtellina,"",1477
New Zealand,Waipara,"","",1478
Uruguay,Montevideo,"","",1479
France,Rhône Valley,Côtes-du-Ventoux,"",1480
France,Burgundy,Mâcon-Charnay,"",1481
Croatia,Dingač,"","",1482
France,Languedoc-Roussillon,Rivesaltes Rosé,"",1483
Romania,Transylvanian Plateau,"","",1484
Bulgaria,Rose Valley,"","",1485
France,Burgundy,Vosne-Romanée,"",1486
France,Burgundy,Hautes Cotes de Beaune,"",1487
Greece,Florina,"","",1488
US,North Carolina,Swan Creek,"",1489
Italy,Southern Italy,Penisola Sorrentina,"",1490
Spain,Northern Spain,Getariako Txakolina,"",1491
US,Massachusetts,Massachusetts,"",1492
Portugal,Colares,"","",1493
Italy,Southern Italy,Brindisi,"",1494
France,Languedoc-Roussillon,Crémant de Limoux,"",1495
US,California,Atlas Peak,Napa,1496
Italy,Southern Italy,Falanghina del Sannio,"",1497
Greece,Sithonia,"","",1498
Italy,Central Italy,Sagrantino di Montefalco,"",1499
Chile,Cauquenes Valley,"","",1500
Australia,South Australia,Fleurieu Peninsula,"",1501
Greece,Vin de Pays d'Imathia,"","",1502
Australia,Western Australia,Frankland River,"",1503
France,Languedoc-Roussillon,Sable de Camargue,"",1504
France,Beaujolais,Juliénas,"",1505
Italy,Central Italy,Lambrusco dell'Emilia,"",1506
Portugal,Alenteo,"","",1507
France,Rhône Valley,Côtes du Rhône,"",1508
Germany,Franken,"","",1509
Italy,Veneto,Rosso del Veronese,"",1510
Turkey,Turkey,"","",1511
France,Burgundy,Mâcon Chaintré,"",1512
Italy,Tuscany,Chianti Montespertoli,"",1513
France,Burgundy,Burgundy,"",1514
US,California,Paso Robles Highlands District,Central Coast,1515
US,Oregon,Chehalem Mountains,Willamette Valley,1516
US,Washington,Wahluke Slope,Columbia Valley,1517
Italy,Northeastern Italy,Trentino,"",1518
US,Oregon,Columbia Gorge (OR),Oregon Other,1519
Italy,Southern Italy,Primitivo del Salento,"",1520
Italy,Southern Italy,Cacc’e Mmitte di Lucera,"",1521
US,Washington,Washington,Washington Other,1522
Spain,Catalonia,Catalunya,"",1523
US,California,Stags Leap District,Napa,1524
Chile,Chile,"","",1525
Italy,Tuscany,Bolgheri Superiore,"",1526
Spain,Catalonia,Montsant,"",1527
Uruguay,Atlantida,"","",1528
Italy,Piedmont,Colline Novaresi,"",1529
US,California,Pine Mountain-Cloverdale Peak,Sonoma,1530
France,Southwest France,Buzet,"",1531
Croatia,Middle and South Dalmatia,"","",1532
Spain,Levante,Vino de la Tierra de Castelló,"",1533
US,California,California-Washington,"",1534
US,California,Napa Valley,Napa,1535
France,Alsace,Alsace,"",1536
US,California,Bennett Valley,Sonoma,1537
France,Bordeaux,Graves,"",1538
Italy,Central Italy,Emilia-Romagna,"",1539
France,Bordeaux,"","",1540
Greece,Goumenissa,"","",1541
South Africa,Vlootenburg,"","",1542
US,California,Monterey-San Luis Obispo-Santa Barbara,Central Coast,1543
Slovenia,Slovenska Istra,"","",1544
Italy,Tuscany,Chianti Classico,"",1545
Portugal,Beira Interior,"","",1546
France,Rhône Valley,"","",1547
Chile,Lolol Valley,"","",1548
Italy,Sicily & Sardinia,Romangia,"",1549
Italy,Veneto,Valpolicella Ripasso Valpantena Superiore,"",1550
Italy,Sicily & Sardinia,Sicilia,"",1551
Austria,Kamptal,"","",1552
US,California,Spring Mountain District,Napa,1553
Italy,Tuscany,Vino Nobile di Montepulciano,"",1554
France,Burgundy,Mâcon-Cruzille,"",1555
France,Southwest France,Fronton,"",1556
Italy,Veneto,Recioto della Valpolicella Classico,"",1557
France,Burgundy,Mâcon La Roche Vineuse,"",1558
Italy,Tuscany,Monteregio di Massa Marittima,"",1559
Portugal,Vinho Espumante,"","",1560
Greece,Amyndeon,"","",1561
France,Burgundy,Mâcon-Fuissé,"",1562
France,Languedoc-Roussillon,La Clape,"",1563
Italy,Southern Italy,Paestum,"",1564
Australia,Victoria,Yarra Valley,"",1565
Italy,Veneto,Valpolicella Superiore,"",1566
France,Languedoc-Roussillon,Rivesaltes,"",1567
Australia,Australia Other,South Eastern Australia,"",1568
Italy,Veneto,Prosecco del Veneto,"",1569
US,Colorado,Colorado,"",1570
Austria,Weinviertel,"","",1571
Portugal,Portugal,"","",1572
France,Rhône Valley,Hermitage,"",1573
Ukraine,Ukraine,"","",1574
Spain,Catalonia,Costers del Segre,"",1575
Turkey,Elazığ,"","",1576
Greece,Lesbos,"","",1577
Italy,Southern Italy,Nardò,"",1578
US,California,Napa County,Napa,1579
Italy,Piedmont,Ruché di Castagnole Monferrato,"",1580
US,California,Nevada County,Sierra Foothills,1581
Greece,Lakonia,"","",1582
France,Rhône Valley,Vin Doux Naturel Rasteau,"",1583
Italy,Central Italy,Sangiovese di Romagna Superiore,"",1584
Hungary,Tokaj,"","",1585
US,California,Monterey-Santa Barbara,Central Coast,1586
Italy,Piedmont,Piemonte,"",1587
Spain,Central Spain,Ribera del Júcar,"",1588
Italy,Central Italy,Rosso Piceno Superiore,"",1589
Italy,Southern Italy,Murgia,"",1590
Italy,Lombardy,Valtènesi,"",1591
France,Burgundy,Mâcon-Vinzelles,"",1592
US,Washington,Walla Walla Valley (WA),Columbia Valley,1593
Italy,Tuscany,Montescudaio,"",1594
France,Burgundy,Corton Vergennes,"",1595
France,Loire Valley,Touraine Amboise,"",1596
France,France Other,Côtes de Forez,"",1597
US,California,Mendocino-Solano,North Coast,1598
New Zealand,Martinborough Terrace,"","",1599
France,Burgundy,Chambertin Clos de Bèze,"",1600
France,Rhône Valley,Côte Rôtie,"",1601
Italy,Southern Italy,Falerno del Massico,"",1602
US,California,North Coast,North Coast,1603
Italy,Southern Italy,Epomeo,"",1604
Greece,Letrinon,"","",1605
US,California,Arroyo Seco,Central Coast,1606
Spain,Galicia,Ribeiro,"",1607
US,New York,North Fork of Long Island,Long Island,1608
France,Southwest France,Côtes du Lot,"",1609
Italy,Northeastern Italy,Rosazzo,"",1610
US,Washington-Oregon,"","",1611
France,Southwest France,Jurançon Sec,"",1612
US,California,Yorkville Highlands,North Coast,1613
France,Burgundy,Côte Chalonnaise,"",1614
Romania,Recas,"","",1615
Italy,Veneto,Bardolino Superiore,"",1616
France,Languedoc-Roussillon,Côtes de Thongue,"",1617
Italy,Northeastern Italy,Ramandolo,"",1618
US,California,Sonoma,"",1619
France,Languedoc-Roussillon,Vin de Pays des Coteaux de Bessilles,"",1620
France,Languedoc-Roussillon,Vin de Pays des Collines de la Moure,"",1621
Spain,Central Spain,La Mancha,"",1622
South Africa,Swartland,"","",1623
France,Burgundy,Aloxe-Corton,"",1624
France,Loire Valley,Coteaux du Layon,"",1625
Italy,Southern Italy,Calabria,"",1626
Spain,Levante,Bullas,"",1627
Argentina,Other,Tulum Valley,"",1628
Italy,Northeastern Italy,"","",1629
US,California,San Bernabe,Central Coast,1630
US,California,Sonoma County-Napa County,Napa-Sonoma,1631
France,Bordeaux,Saint-Croix-du-Mont,"",1632
US,Texas,"","",1633
France,Bordeaux,Moulis,"",1634
France,Beaujolais,Fleurie,"",1635
Italy,Central Italy,Rosso Piceno,"",1636
Italy,Piedmont,Gattinara,"",1637
US,California,Suisun Valley,North Coast,1638
US,California,Kelsey Bench-Lake County,"",1639
Italy,Tuscany,Vermentino di Toscana,"",1640
US,Kentucky,Kentucky,"",1641
US,California,Napa-Sonoma-Marin,North Coast,1642
Spain,Northern Spain,Campo de Borja,"",1643
Spain,Northern Spain,Somontano,"",1644
Italy,Central Italy,Albana di Romagna,"",1645
Austria,Wagram,"","",1646
Italy,Sicily & Sardinia,Vermentino di Gallura,"",1647
Italy,Southern Italy,Colli di Salerno,"",1648
France,Rhône Valley,Collines Rhôdaniennes,"",1649
France,Burgundy,Mâcon-Lugny,"",1650
Italy,Tuscany,Vin Santo di Montepulciano,"",1651
Spain,Central Spain,Finca Élez,"",1652
France,Rhône Valley,Châteauneuf-du-Pape,"",1653
France,Bordeaux,Margaux,"",1654
Italy,Sicily & Sardinia,Salina,"",1655
France,Southwest France,Bergerac Rosé,"",1656
Greece,Macedonia,"","",1657
US,California,Mt. Harlan,Central Coast,1658
Italy,Northeastern Italy,Trentino Superiore,"",1659
Croatia,Dalmatian Coast,"","",1660
France,Loire Valley,Vin de Pays du Val de Loire,"",1661
Spain,Spanish Islands,Vi de la Terra Illes Balears,"",1662
Romania,Dealurile Hușilor,"","",1663
France,Provence,Palette,"",1664
US,California,McDowell Valley,Mendocino/Lake Counties,1665
South Africa,Cape South Coast,"","",1666
Italy,Southern Italy,Rosso di Cerignola,"",1667
France,Loire Valley,Quincy,"",1668
Morocco,Morocco,"","",1669
Spain,Andalucia,Vino de la Tierra Altiplano de Sierra Nevada,"",1670
Italy,Veneto,Colli Asolani Prosecco,"",1671
Greece,Greece,"","",1672
New Zealand,New Zealand,"","",1673
France,Burgundy,Petit Chablis,"",1674
Uruguay,Progreso,"","",1675
Hungary,Hungary,"","",1676
South Africa,Groenekloof,"","",1677
France,Languedoc-Roussillon,Maury Sec,"",1678
France,Loire Valley,Coteaux de l'Aubance,"",1679
France,Bordeaux,Bordeaux Blanc,"",1680
Chile,Aconcagua Valley,"","",1681
Chile,Leyda Valley,"","",1682
Italy,Veneto,Soave Classico,"",1683
Austria,Carnuntum,"","",1684
Portugal,Bairrada,"","",1685
US,New York,Seneca Lake,Finger Lakes,1686
Australia,Victoria,Victoria,"",1687
South Africa,Robertson,"","",1688
Portugal,Setubal,"","",1689
US,Washington,Ancient Lakes,Columbia Valley,1690
US,California,Northern Sonoma,Sonoma,1691
US,New York,Niagara Escarpment,New York Other,1692
France,Loire Valley,Cabernet d'Anjou,"",1693
Italy,Central Italy,Colli Martani,"",1694
Australia,Victoria,Gippsland,"",1695
Chile,Cachapoal Valley,"","",1696
Italy,Tuscany,Rosso di Montepulciano,"",1697
Australia,Victoria,Heathcote,"",1698
France,Burgundy,Pernand-Vergelesses,"",1699
Italy,Southern Italy,Pompeiano,"",1700
Australia,South Australia,McLaren Vale-Padthaway,"",1701
Italy,Sicily & Sardinia,Passito di Noto,"",1702
France,Languedoc-Roussillon,Vin de Pays de Caux,"",1703
Italy,Veneto,Valpolicella Classico Superiore Ripasso,"",1704
Italy,Southern Italy,Basilicata,"",1705
Australia,Victoria,Rutherglen,"",1706
France,Burgundy,Bourgogne Hautes Côtes de Nuits,"",1707
Italy,Veneto,Valpolicella Valpantena,"",1708
US,California,Humboldt County,North Coast,1709
France,France Other,Arbois,"",1710
Italy,Sicily & Sardinia,Nuragus di Cagliari,"",1711
Italy,Tuscany,Montecarlo,"",1712
France,Languedoc-Roussillon,Vin de Pays des Sables du Golfe du Lion,"",1713
France,Burgundy,Clos de Vougeot,"",1714
Canada,Ontario,Beamsville Bench,"",1715
Italy,Central Italy,Orvieto Classico,"",1716
Italy,Central Italy,Rosso Conero,"",1717
Spain,Northern Spain,Ribera del Queiles,"",1718
Australia,New South Wales,Western Plains,"",1719
France,Southwest France,Côtes du Frontonnais,"",1720
Greece,Ilia,"","",1721
Spain,Central Spain,Toledo,"",1722
France,Loire Valley,Coteaux du Layon Beaulieu,"",1723
US,Iowa,Iowa,"",1724
US,California,Santa Clara Valley,Central Coast,1725
France,Bordeaux,Saint-Estèphe,"",1726
Italy,Piedmont,Gavi,"",1727
Italy,Central Italy,Lambrusco di Sorbara,"",1728
US,Nevada,Nevada,"",1729
US,California,Howell Mountain,Napa,1730
Italy,Piedmont,Alta Langa,"",1731
US,California,Sonoma Valley,Sonoma,1732
Italy,Italy Other,Vino Spumante,"",1733
US,Oregon,Elkton Oregon,Southern Oregon,1734
France,Languedoc-Roussillon,Côtes du Roussillon Villages,"",1735
Italy,Southern Italy,Vesuvio,"",1736
Germany,Mittelrhein,"","",1737
Switzerland,Vino da Tavola della Svizzera Italiana,"","",1738
US,California,Sonoma Mountain,Sonoma,1739
US,California,Adelaida District,Central Coast,1740
Spain,Northern Spain,Vino de la Tierra de Castilla y León,"",1741
France,Provence,Les Baux de Provence,"",1742
Israel,Jerusalem Hills,"","",1743
Bosnia and Herzegovina,Mostar,"","",1744
US,Vermont,Vermont,"",1745
Italy,Piedmont,Dolcetto di Dogliani Superiore,"",1746
Italy,Northeastern Italy,Friuli Venezia Giulia,"",1747
Portugal,Távora-Varosa,"","",1748
US,California,Lime Kiln Valley,Central Coast,1749
Australia,Western Australia,Mount Barker,"",1750
Italy,Southern Italy,Aglianico del Beneventano,"",1751
Italy,Piedmont,Verduno,"",1752
Italy,Tuscany,Chianti,"",1753
Italy,Veneto,Valpolicella Classico Superiore,"",1754
Turkey,Thrace,"","",1755
Australia,Victoria,Swan Hill,"",1756
Italy,Veneto,Arcole,"",1757
US,Oregon,"","",1758
Chile,Maipo Valley,"","",1759
Israel,Galilee,"","",1760
US,Oregon,Willamette Valley,"",1761
France,Southwest France,Montravel,"",1762
Austria,Südsteiermark,"","",1763
Peru,Ica,"","",1764
New Zealand,Omaka Valley,"","",1765
France,Languedoc-Roussillon,Maury,"",1766
Italy,Veneto,Lison-Pramaggiore,"",1767
Italy,Tuscany,Moscadello di Montalcino,"",1768
Italy,Veneto,Venezia,"",1769
France,Southwest France,Béarn,"",1770
Portugal,Terras do Dão,"","",1771
Australia,Victoria,Grampians,"",1772
US,California,Edna Valley,Central Coast,1773
US,Oregon,Polk County,Oregon Other,1774
Italy,Central Italy,Falerio dei Colli Ascolani,"",1775
Israel,Golan Heights,"","",1776
Italy,Southern Italy,Copertino,"",1777
Italy,Northeastern Italy,Collio,"",1778
US,California,Lodi,Central Valley,1779
Portugal,Lisboa,"","",1780
US,California,Central Coast,"",1781
Argentina,Mendoza Province,Medrano,"",1782
France,Bordeaux,Moulis-en-Médoc,"",1783
South Africa,Eilandia,"","",1784
US,California,Yolo County,Central Valley,1785
Australia,New South Wales,Hunter Valley,"",1786
Spain,Northern Spain,Tierra de León,"",1787
Italy,Northeastern Italy,Grave del Friuli,"",1788
Italy,Piedmont,Strevi,"",1789
Australia,Victoria,Goulburn Valley,"",1790
France,Burgundy,Mâcon-Prissé,"",1791
Greece,Lemnos,"","",1792
Chile,Bío Bío Valley,"","",1793
US,California,Temecula Valley,South Coast,1794
France,Languedoc-Roussillon,Muscat de Rivesaltes,"",1795
Argentina,Other,Jujuy,"",1796
Italy,Southern Italy,Costa d'Amalfi,"",1797
US,California,North Coast,"",1798
India,Nashik,"","",1799
France,Bordeaux,Vin de Pays de l'Atlantique,"",1800
